frame,fps
1,1.23
2,33.43
3,36.83
4,33.76
5,35.07
6,37.83
7,39.33
8,30.28
9,26.94
10,45.54
11,37.83
12,34.11
13,33.19
14,37.91
15,35.15
16,32.19
17,31.79
18,36.02
19,37.03
20,32.51
21,31.97
22,40.08
23,32.41
24,33.75
25,35.95
26,36.82
27,30.92
28,33.39
29,36.19
30,38.09
31,33.49
32,31.72
33,35.37
34,33.78
35,33.27
36,33.94
37,35.99
38,37.95
39,33.47
40,30.81
41,37.04
42,37.56
43,32.61
44,30.66
45,35.96
46,39.74
47,32.71
48,31.81
49,36.33
50,37.00
51,32.08
52,31.13
53,39.76
54,35.73
55,32.48
56,30.11
57,41.60
58,35.45
59,30.53
60,33.56
61,35.90
62,36.33
63,33.25
64,32.62
65,40.23
66,34.10
67,31.87
68,31.41
69,41.31
70,35.14
71,30.88
72,33.38
73,36.92
74,30.88
75,32.16
76,36.52
77,41.98
78,33.32
79,31.39
80,36.55
81,37.36
82,33.61
83,32.77
84,35.39
85,34.46
86,35.44
87,31.35
88,36.87
89,36.76
90,32.61
91,31.13
92,36.32
93,38.45
94,30.87
95,31.31
96,40.55
97,36.59
98,31.98
99,31.54
100,37.15
101,37.39
102,31.76
103,32.50
104,37.79
105,36.17
106,31.54
107,31.75
108,39.08
109,36.40
110,29.06
111,31.20
112,46.14
113,35.26
114,31.00
115,36.03
116,33.63
117,36.31
118,32.44
119,37.07
120,35.50
121,34.08
122,30.34
123,37.48
124,36.88
125,33.77
126,31.33
127,37.74
128,35.47
129,33.36
130,30.69
131,38.79
132,34.03
133,30.02
134,32.03
135,39.07
136,39.68
137,28.52
138,26.80
139,45.32
140,29.71
141,24.57
142,56.90
143,35.75
144,26.45
145,30.16
146,27.23
147,65.79
148,53.80
149,38.04
150,27.74
151,35.00
152,29.22
153,49.33
154,30.89
155,40.17
156,38.40
157,32.86
158,29.43
159,44.93
160,34.27
161,32.08
162,31.31
163,35.43
164,34.33
165,36.70
166,29.85
167,33.53
168,34.40
169,36.61
170,30.78
171,50.45
172,31.21
173,32.27
174,32.24
175,43.73
176,33.74
177,27.56
178,33.98
179,29.16
180,30.32
181,38.73
182,43.16
183,37.43
184,41.19
185,31.11
186,42.25
187,35.92
188,29.47
189,28.95
190,37.36
191,39.38
192,30.39
193,31.13
194,28.67
195,34.92
196,46.43
197,33.39
198,42.38
199,38.32
200,29.65
201,32.59
202,39.86
203,32.49
204,33.58
205,31.27
206,43.23
207,35.59
208,31.40
209,31.43
210,37.43
211,33.10
212,32.97
213,35.16
214,41.97
215,31.95
216,30.45
217,32.76
218,41.67
219,36.56
220,31.27
221,30.79
222,37.30
223,37.57
224,30.55
225,32.77
226,39.42
227,35.86
228,31.34
229,33.65
230,44.39
231,31.30
232,31.89
233,40.07
234,34.90
235,32.27
236,29.99
237,33.70
238,30.20
239,41.23
240,33.61
241,31.56
242,27.63
243,31.52
244,37.52
245,43.95
246,31.30
247,41.29
248,32.43
249,33.91
250,36.97
251,40.02
252,30.09
253,41.50
254,39.03
255,31.57
256,30.23
257,39.12
258,36.66
259,32.26
260,29.58
261,32.01
262,29.62
263,40.03
264,36.96
265,48.02
266,34.62
267,30.68
268,31.47
269,37.72
270,35.51
271,30.61
272,33.22
273,45.63
274,32.12
275,26.91
276,28.04
277,39.83
278,26.76
279,46.54
280,34.76
281,34.85
282,24.05
283,56.56
284,40.12
285,36.00
286,35.21
287,35.29
288,39.10
289,23.93
290,37.46
291,43.28
292,41.52
293,35.74
294,32.07
295,33.18
296,32.79
297,33.42
298,36.56
299,35.40
300,38.90
301,30.38
302,33.91
303,33.38
304,46.01
305,33.57
306,29.90
307,31.59
308,40.29
309,36.94
310,25.05
311,39.03
312,40.51
313,30.36
314,36.05
315,33.53
316,39.11
317,38.28
318,30.65
319,40.89
320,34.86
321,32.03
322,27.46
323,34.45
324,34.44
325,30.69
326,39.51
327,51.42
328,35.32
329,30.15
330,31.29
331,36.78
332,30.70
333,39.95
334,32.17
335,44.00
336,33.62
337,31.44
338,28.59
339,43.78
340,36.29
341,32.63
342,32.10
343,40.40
344,35.49
345,30.35
346,30.74
347,48.32
348,33.07
349,30.04
350,32.28
351,45.64
352,30.92
353,31.12
354,34.45
355,43.25
356,32.69
357,30.78
358,31.50
359,47.42
360,31.99
361,31.91
362,36.64
363,37.63
364,31.36
365,30.17
366,39.45
367,37.53
368,30.61
369,33.20
370,37.10
371,38.38
372,31.62
373,31.08
374,37.33
375,38.78
376,29.41
377,34.75
378,34.18
379,40.56
380,31.05
381,32.15
382,35.54
383,38.91
384,32.00
385,29.46
386,36.81
387,39.85
388,32.95
389,36.91
390,36.28
391,32.53
392,30.72
393,38.27
394,30.57
395,38.02
396,30.76
397,41.47
398,35.01
399,33.35
400,31.93
401,36.89
402,37.76
403,26.90
404,33.13
405,36.23
406,45.72
407,32.30
408,31.51
409,42.79
410,33.43
411,26.92
412,27.70
413,44.96
414,28.00
415,45.86
416,34.01
417,36.11
418,24.58
419,45.45
420,36.60
421,43.69
422,35.10
423,17.98
424,59.31
425,52.77
426,38.45
427,34.21
428,32.53
429,41.72
430,33.30
431,31.01
432,35.92
433,38.44
434,32.61
435,31.76
436,30.28
437,41.59
438,33.80
439,34.38
440,36.35
441,33.52
442,32.78
443,30.70
444,31.24
445,46.53
446,33.42
447,32.18
448,37.91
449,39.11
450,30.40
451,31.15
452,42.74
453,34.93
454,22.34
455,46.41
456,41.63
457,39.94
458,29.21
459,33.72
460,39.77
461,34.32
462,30.72
463,35.69
464,34.81
465,39.09
466,30.14
467,31.19
468,40.22
469,38.86
470,30.21
471,30.00
472,40.63
473,38.45
474,30.95
475,30.29
476,45.13
477,33.25
478,29.31
479,31.85
480,34.53
481,40.19
482,32.99
483,41.60
484,36.09
485,31.01
486,29.74
487,36.00
488,35.80
489,35.45
490,33.57
491,32.92
492,43.23
493,32.46
494,30.04
495,31.42
496,46.31
497,31.82
498,32.30
499,29.52
500,49.97
501,33.21
502,30.40
503,39.65
504,36.56
505,31.80
506,31.37
507,39.33
508,36.09
509,30.85
510,32.21
511,43.65
512,33.98
513,29.88
514,31.55
515,44.46
516,34.08
517,29.47
518,27.87
519,41.83
520,43.27
521,30.45
522,32.64
523,27.83
524,33.29
525,34.08
526,33.64
527,30.17
528,49.13
529,28.81
530,46.34
531,29.99
532,29.31
533,55.09
534,30.14
535,32.81
536,31.19
537,29.70
538,40.69
539,41.30
540,30.70
541,30.34
542,35.88
543,30.91
544,40.48
545,41.64
546,40.57
547,39.43
548,29.86
549,26.76
550,37.80
551,46.94
552,33.76
553,33.44
554,39.82
555,38.36
556,32.90
557,29.94
558,37.67
559,38.49
560,31.15
561,35.61
562,36.00
563,35.96
564,30.83
565,36.88
566,36.92
567,32.68
568,31.05
569,35.52
570,38.13
571,32.35
572,32.53
573,38.52
574,35.16
575,33.11
576,32.44
577,34.37
578,38.25
579,33.20
580,30.59
581,39.95
582,35.46
583,32.84
584,30.21
585,38.76
586,37.33
587,31.30
588,29.06
589,39.52
590,36.87
591,33.41
592,31.59
593,40.01
594,35.88
595,32.84
596,32.85
597,39.29
598,33.86
599,32.42
600,30.26
601,44.18
602,33.57
603,32.16
604,32.38
605,40.66
606,32.93
607,31.45
608,35.09
609,39.01
610,33.25
611,31.98
612,34.40
613,38.68
614,32.13
615,31.01
616,32.91
617,43.35
618,32.84
619,31.33
620,36.40
621,38.50
622,33.41
623,31.54
624,34.93
625,37.45
626,30.51
627,32.17
628,39.30
629,37.65
630,32.60
631,32.13
632,37.54
633,35.50
634,31.48
635,33.89
636,33.83
637,40.21
638,32.12
639,34.15
640,36.44
641,34.12
642,32.85
643,32.19
644,38.73
645,35.13
646,31.62
647,32.71
648,38.01
649,35.59
650,31.15
651,34.00
652,38.75
653,34.78
654,32.08
655,35.28
656,35.75
657,34.34
658,32.32
659,35.53
660,33.79
661,34.99
662,32.00
663,36.37
664,36.39
665,34.11
666,31.83
667,37.43
668,34.90
669,32.60
670,32.02
671,35.78
672,37.62
673,33.21
674,31.19
675,36.68
676,37.37
677,32.67
678,31.35
679,37.57
680,36.59
681,33.49
682,29.68
683,43.94
684,33.56
685,32.88
686,31.26
687,39.09
688,34.57
689,32.49
690,34.49
691,33.86
692,35.85
693,33.52
694,35.07
695,36.71
696,33.86
697,31.56
698,34.14
699,39.07
700,33.28
701,32.16
702,34.94
703,37.23
704,33.65
705,31.42
706,37.52
707,35.77
708,33.59
709,32.26
710,33.94
711,39.13
712,32.00
713,31.89
714,35.26
715,33.00
716,38.24
717,32.55
718,35.61
719,37.68
720,32.36
721,32.25
722,35.08
723,38.28
724,31.99
725,32.45
726,38.88
727,35.06
728,32.37
729,32.33
730,37.19
731,35.65
732,32.00
733,32.30
734,40.24
735,34.72
736,30.58
737,35.60
738,36.60
739,34.50
740,32.67
741,35.57
742,35.55
743,35.44
744,30.46
745,29.38
746,40.45
747,35.68
748,25.79
749,41.13
750,38.50
751,34.53
752,34.44
753,27.34
754,39.29
755,45.84
756,32.22
757,37.94
758,33.94
759,33.90
760,30.66
761,40.98
762,34.81
763,32.91
764,31.30
765,38.90
766,35.28
767,33.10
768,30.29
769,38.17
770,36.90
771,32.68
772,31.71
773,38.38
774,35.74
775,32.52
776,33.49
777,36.01
778,34.26
779,33.83
780,33.06
781,35.57
782,35.91
783,31.95
784,33.73
785,39.54
786,33.81
787,31.78
788,35.36
789,36.71
790,31.76
791,32.34
792,36.81
793,36.07
794,32.34
795,32.59
796,35.97
797,37.37
798,29.81
799,33.46
800,42.31
801,27.20
802,32.72
803,36.45
804,40.16
805,30.59
806,35.65
807,31.49
808,41.65
809,30.83
810,34.68
811,25.81
812,49.30
813,47.54
814,32.23
815,31.97
816,39.81
817,35.29
818,31.85
819,35.72
820,35.24
821,33.44
822,32.84
823,29.71
824,44.00
825,35.50
826,32.39
827,33.39
828,35.47
829,35.79
830,32.23
831,35.38
832,35.06
833,35.32
834,30.04
835,38.48
836,35.06
837,34.48
838,32.00
839,35.22
840,33.95
841,35.92
842,31.02
843,38.27
844,36.76
845,33.34
846,32.23
847,36.49
848,35.49
849,32.40
850,32.61
851,36.43
852,36.83
853,33.51
854,31.32
855,38.98
856,34.45
857,32.75
858,31.28
859,35.72
860,38.83
861,33.34
862,31.52
863,38.60
864,33.89
865,32.68
866,33.00
867,39.62
868,34.24
869,31.47
870,32.65
871,40.34
872,34.14
873,31.44
874,34.91
875,37.98
876,33.52
877,33.43
878,33.77
879,37.41
880,33.55
881,31.59
882,36.51
883,36.16
884,21.79
885,45.64
886,38.78
887,37.20
888,31.70
889,32.68
890,37.02
891,34.76
892,26.54
893,46.96
894,40.40
895,35.36
896,34.61
897,31.78
898,36.34
899,36.68
900,33.12
901,30.95
902,39.12
903,35.27
904,32.00
905,31.25
906,38.88
907,37.44
908,31.82
909,31.06
910,39.27
911,36.14
912,32.12
913,33.83
914,36.11
915,36.60
916,31.25
917,31.72
918,37.69
919,37.81
920,31.13
921,33.90
922,37.56
923,35.12
924,31.85
925,35.00
926,37.22
927,33.93
928,31.49
929,36.21
930,35.34
931,32.43
932,33.21
933,35.45
934,37.69
935,33.07
936,31.41
937,38.18
938,34.57
939,33.39
940,30.15
941,40.79
942,35.89
943,31.90
944,30.87
945,41.16
946,35.13
947,30.65
948,31.53
949,42.78
950,35.45
951,30.90
952,30.79
953,41.21
954,36.43
955,30.78
956,32.65
957,37.62
958,35.02
959,32.90
960,35.76
961,38.10
962,33.46
963,32.11
964,32.67
965,39.87
966,31.44
967,33.35
968,36.26
969,37.62
970,30.93
971,31.18
972,33.64
973,42.27
974,33.17
975,30.32
976,36.86
977,39.13
978,32.38
979,32.17
980,36.22
981,36.73
982,31.85
983,32.62
984,34.46
985,39.36
986,31.94
987,32.63
988,39.29
989,36.92
990,32.41
991,31.34
992,38.05
993,35.76
994,31.69
995,32.37
996,35.99
997,38.42
998,30.05
999,34.50
1000,37.42
1001,34.30
1002,32.07
1003,29.06
1004,37.46
1005,42.98
1006,29.48
1007,35.61
1008,29.83
1009,37.58
1010,33.12
1011,30.88
1012,35.74
1013,42.72
1014,33.08
1015,36.54
1016,35.79
1017,18.38
1018,72.80
1019,47.01
1020,42.20
1021,32.32
1022,32.01
1023,36.82
1024,35.31
1025,35.37
1026,30.89
1027,36.77
1028,36.66
1029,33.48
1030,29.99
1031,39.77
1032,35.95
1033,32.91
1034,31.83
1035,36.65
1036,36.77
1037,32.84
1038,30.20
1039,37.27
1040,37.58
1041,33.02
1042,30.74
1043,38.38
1044,36.68
1045,32.70
1046,31.09
1047,38.47
1048,36.78
1049,32.42
1050,32.37
1051,40.26
1052,33.62
1053,32.09
1054,31.59
1055,42.53
1056,32.51
1057,32.89
1058,34.30
1059,37.80
1060,33.19
1061,33.08
1062,34.85
1063,37.11
1064,32.42
1065,31.95
1066,34.91
1067,39.27
1068,32.38
1069,32.37
1070,35.17
1071,38.41
1072,32.21
1073,32.38
1074,37.23
1075,35.21
1076,32.92
1077,32.69
1078,34.91
1079,38.09
1080,32.44
1081,32.93
1082,35.06
1083,36.76
1084,32.68
1085,33.29
1086,37.59
1087,35.17
1088,32.47
1089,32.97
1090,36.90
1091,34.40
1092,33.12
1093,32.19
1094,36.65
1095,36.50
1096,31.53
1097,33.56
1098,37.45
1099,34.69
1100,32.53
1101,34.69
1102,37.25
1103,33.65
1104,32.39
1105,34.61
1106,38.01
1107,33.72
1108,31.93
1109,38.01
1110,34.02
1111,34.02
1112,31.64
1113,37.19
1114,36.03
1115,33.65
1116,31.01
1117,38.35
1118,35.52
1119,32.52
1120,30.33
1121,41.81
1122,34.52
1123,33.70
1124,31.26
1125,38.15
1126,34.77
1127,32.90
1128,31.09
1129,36.53
1130,38.40
1131,32.43
1132,32.07
1133,39.55
1134,34.81
1135,31.57
1136,33.97
1137,37.81
1138,33.55
1139,33.22
1140,32.94
1141,39.08
1142,32.48
1143,31.61
1144,31.60
1145,44.44
1146,33.72
1147,32.03
1148,35.36
1149,37.20
1150,34.04
1151,31.09
1152,33.85
1153,39.72
1154,33.15
1155,32.58
1156,35.42
1157,36.51
1158,31.07
1159,32.17
1160,37.46
1161,36.08
1162,32.74
1163,31.60
1164,35.21
1165,38.48
1166,32.41
1167,32.89
1168,38.78
1169,36.06
1170,32.68
1171,30.94
1172,38.98
1173,36.46
1174,32.47
1175,32.17
1176,36.20
1177,37.21
1178,30.44
1179,35.08
1180,36.12
1181,36.77
1182,31.74
1183,34.12
1184,37.02
1185,35.12
1186,31.18
1187,34.95
1188,36.87
1189,33.00
1190,33.99
1191,33.03
1192,38.33
1193,34.40
1194,30.88
1195,35.46
1196,37.57
1197,34.69
1198,31.45
1199,34.76
1200,36.26
1201,34.23
1202,32.02
1203,36.76
1204,35.19
1205,34.46
1206,31.65
1207,37.66
1208,34.83
1209,33.81
1210,32.12
1211,37.42
1212,34.91
1213,33.31
1214,31.05
1215,37.17
1216,36.49
1217,32.28
1218,31.12
1219,37.87
1220,37.04
1221,32.86
1222,34.56
1223,35.35
1224,34.40
1225,33.01
1226,30.61
1227,42.06
1228,34.39
1229,32.74
1230,31.35
1231,38.69
1232,33.06
1233,34.25
1234,36.13
1235,36.31
1236,33.06
1237,27.05
1238,35.99
1239,36.92
1240,34.87
1241,31.29
1242,42.48
1243,30.45
1244,25.38
1245,36.97
1246,50.55
1247,43.04
1248,32.61
1249,31.23
1250,35.23
1251,37.39
1252,31.42
1253,31.70
1254,37.14
1255,33.48
1256,38.45
1257,32.99
1258,36.51
1259,36.51
1260,32.40
1261,31.18
1262,37.61
1263,36.68
1264,31.87
1265,34.06
1266,36.64
1267,35.63
1268,32.51
1269,32.56
1270,36.86
1271,32.54
1272,32.55
1273,34.76
1274,37.02
1275,36.92
1276,31.12
1277,34.89
1278,36.84
1279,35.57
1280,30.38
1281,36.62
1282,36.72
1283,34.51
1284,29.82
1285,38.73
1286,36.57
1287,34.04
1288,31.92
1289,36.79
1290,34.49
1291,32.99
1292,31.19
1293,37.69
1294,37.25
1295,33.77
1296,31.03
1297,37.89
1298,35.28
1299,32.50
1300,31.49
1301,37.94
1302,36.65
1303,31.93
1304,32.93
1305,38.63
1306,34.66
1307,32.08
1308,30.94
1309,39.93
1310,35.89
1311,32.80
1312,32.20
1313,38.21
1314,33.43
1315,31.58
1316,31.89
1317,44.47
1318,32.59
1319,34.05
1320,33.08
1321,38.45
1322,34.19
1323,31.65
1324,32.39
1325,41.08
1326,32.77
1327,32.40
1328,33.73
1329,39.48
1330,32.10
1331,32.99
1332,36.38
1333,35.88
1334,33.08
1335,32.61
1336,36.29
1337,36.78
1338,32.51
1339,31.72
1340,36.32
1341,34.79
1342,33.52
1343,31.40
1344,37.29
1345,28.91
1346,40.46
1347,35.44
1348,36.40
1349,37.02
1350,31.78
1351,32.26
1352,37.58
1353,35.43
1354,33.22
1355,32.49
1356,37.36
1357,35.28
1358,32.49
1359,34.21
1360,36.21
1361,34.52
1362,31.64
1363,32.24
1364,39.06
1365,34.89
1366,31.81
1367,35.99
1368,31.11
1369,32.46
1370,29.82
1371,32.98
1372,42.13
1373,32.75
1374,35.21
1375,41.29
1376,24.35
1377,44.64
1378,42.76
1379,36.41
1380,27.49
1381,44.10
1382,33.30
1383,37.17
1384,35.12
1385,34.25
1386,31.92
1387,36.11
1388,36.23
1389,33.70
1390,30.51
1391,39.58
1392,35.06
1393,33.11
1394,31.51
1395,36.11
1396,37.46
1397,31.20
1398,32.76
1399,39.46
1400,34.88
1401,33.80
1402,30.51
1403,40.87
1404,33.03
1405,33.78
1406,34.96
1407,36.24
1408,33.48
1409,32.69
1410,34.09
1411,37.85
1412,32.11
1413,33.79
1414,31.59
1415,41.77
1416,33.65
1417,30.98
1418,35.50
1419,38.71
1420,32.22
1421,32.37
1422,36.68
1423,36.82
1424,32.12
1425,32.52
1426,35.31
1427,38.02
1428,30.25
1429,34.81
1430,37.90
1431,35.79
1432,31.29
1433,32.61
1434,33.51
1435,41.93
1436,32.03
1437,31.11
1438,38.77
1439,35.91
1440,31.41
1441,31.70
1442,32.89
1443,42.74
1444,33.43
1445,33.84
1446,35.95
1447,35.87
1448,32.40
1449,32.40
1450,36.54
1451,35.92
1452,32.22
1453,34.73
1454,37.18
1455,34.51
1456,31.77
1457,36.06
1458,35.42
1459,33.91
1460,32.44
1461,30.44
1462,43.96
1463,32.95
1464,31.44
1465,36.95
1466,36.53
1467,34.50
1468,30.02
1469,35.34
1470,35.93
1471,36.78
1472,30.77
1473,38.02
1474,33.82
1475,31.43
1476,33.08
1477,40.11
1478,35.21
1479,32.97
1480,31.91
1481,39.04
1482,34.68
1483,34.02
1484,30.52
1485,37.20
1486,34.09
1487,32.11
1488,34.24
1489,36.09
1490,38.43
1491,30.83
1492,34.11
1493,38.56
1494,35.07
1495,32.86
1496,32.19
1497,38.39
1498,34.86
1499,32.48
1500,34.50
1501,36.99
1502,31.34
1503,32.78
1504,32.96
1505,39.94
1506,34.34
1507,32.94
1508,31.66
1509,42.34
1510,33.54
1511,32.61
1512,34.13
1513,37.58
1514,31.93
1515,33.58
1516,35.50
1517,37.40
1518,30.48
1519,31.63
1520,33.03
1521,37.50
1522,32.93
1523,36.44
1524,33.82
1525,41.44
1526,31.89
1527,31.35
1528,39.25
1529,36.53
1530,31.89
1531,31.79
1532,36.02
1533,37.42
1534,31.46
1535,34.35
1536,36.78
1537,36.40
1538,31.64
1539,34.61
1540,34.54
1541,36.74
1542,31.75
1543,35.16
1544,34.69
1545,35.70
1546,31.84
1547,31.81
1548,42.46
1549,33.37
1550,31.83
1551,37.10
1552,34.96
1553,34.93
1554,30.92
1555,37.04
1556,35.93
1557,33.55
1558,31.38
1559,37.37
1560,35.15
1561,33.87
1562,32.51
1563,37.69
1564,34.59
1565,32.45
1566,31.16
1567,41.39
1568,33.96
1569,33.10
1570,29.39
1571,44.51
1572,34.06
1573,32.62
1574,32.79
1575,38.83
1576,33.46
1577,32.98
1578,32.21
1579,39.33
1580,33.80
1581,33.35
1582,33.92
1583,35.19
1584,32.07
1585,32.34
1586,31.31
1587,46.23
1588,32.57
1589,34.61
1590,29.13
1591,38.96
1592,36.18
1593,32.56
1594,35.66
1595,31.30
1596,39.26
1597,30.90
1598,37.15
1599,38.91
1600,33.52
1601,31.39
1602,34.83
1603,39.33
1604,32.84
1605,32.66
1606,33.95
1607,39.25
1608,31.90
1609,31.40
1610,36.94
1611,35.64
1612,32.93
1613,33.18
1614,37.20
1615,36.20
1616,30.96
1617,32.83
1618,33.60
1619,41.94
1620,31.55
1621,33.42
1622,33.74
1623,40.25
1624,31.93
1625,32.43
1626,36.95
1627,36.67
1628,30.93
1629,36.34
1630,37.24
1631,34.22
1632,31.30
1633,34.71
1634,37.58
1635,34.41
1636,31.08
1637,35.43
1638,37.62
1639,33.96
1640,30.46
1641,34.82
1642,38.44
1643,35.11
1644,31.55
1645,34.99
1646,37.27
1647,34.11
1648,30.79
1649,36.88
1650,29.67
1651,33.71
1652,32.32
1653,43.23
1654,29.69
1655,35.87
1656,34.82
1657,37.17
1658,24.05
1659,31.42
1660,51.08
1661,43.63
1662,38.12
1663,31.34
1664,33.45
1665,39.37
1666,34.82
1667,32.01
1668,30.28
1669,42.54
1670,34.87
1671,32.57
1672,32.06
1673,37.93
1674,34.15
1675,33.54
1676,31.73
1677,38.35
1678,35.18
1679,32.41
1680,34.48
1681,36.81
1682,34.29
1683,32.69
1684,31.95
1685,39.99
1686,32.75
1687,33.39
1688,34.14
1689,38.56
1690,33.13
1691,32.21
1692,34.26
1693,38.99
1694,31.69
1695,32.01
1696,35.61
1697,37.55
1698,32.65
1699,32.07
1700,34.38
1701,38.83
1702,30.97
1703,31.90
1704,37.35
1705,34.08
1706,38.48
1707,32.34
1708,37.60
1709,35.85
1710,32.89
1711,33.99
1712,35.76
1713,34.78
1714,32.63
1715,32.54
1716,36.25
1717,36.39
1718,32.39
1719,34.20
1720,36.16
1721,34.31
1722,32.99
1723,32.03
1724,39.76
1725,34.79
1726,31.76
1727,35.85
1728,35.96
1729,33.38
1730,31.12
1731,38.02
1732,35.10
1733,34.34
1734,32.21
1735,36.87
1736,34.38
1737,33.96
1738,30.29
1739,37.47
1740,33.96
1741,35.60
1742,32.59
1743,37.03
1744,35.78
1745,32.21
1746,32.69
1747,37.71
1748,32.28
1749,34.24
1750,31.17
1751,42.04
1752,35.63
1753,32.18
1754,31.43
1755,41.02
1756,33.80
1757,32.94
1758,31.52
1759,41.00
1760,34.06
1761,31.83
1762,33.15
1763,38.32
1764,33.19
1765,30.94
1766,35.44
1767,37.57
1768,34.88
1769,31.83
1770,37.05
1771,36.95
1772,33.10
1773,31.74
1774,33.23
1775,40.27
1776,28.45
1777,28.45
1778,44.04
1779,39.85
1780,31.40
1781,34.83
1782,29.74
1783,46.08
1784,27.74
1785,32.43
1786,45.65
1787,38.26
1788,32.88
1789,30.67
1790,38.51
1791,36.82
1792,31.46
1793,30.24
1794,38.14
1795,37.91
1796,32.15
1797,32.10
1798,37.07
1799,34.08
1800,32.78
1801,35.03
1802,36.07
1803,37.52
1804,31.59
1805,34.90
1806,35.81
1807,35.41
1808,32.70
1809,34.52
1810,36.57
1811,34.28
1812,30.60
1813,37.70
1814,35.83
1815,34.06
1816,29.93
1817,37.86
1818,31.52
1819,36.92
1820,30.50
1821,40.56
1822,34.38
1823,34.95
1824,32.69
1825,36.40
1826,35.47
1827,35.02
1828,29.76
1829,36.96
1830,31.23
1831,39.20
1832,32.04
1833,38.30
1834,35.80
1835,33.63
1836,30.50
1837,38.25
1838,34.97
1839,33.09
1840,30.68
1841,37.81
1842,36.94
1843,34.54
1844,30.74
1845,40.49
1846,34.18
1847,30.68
1848,32.81
1849,39.05
1850,35.69
1851,33.04
1852,30.28
1853,40.75
1854,33.95
1855,27.78
1856,33.25
1857,41.51
1858,39.99
1859,32.46
1860,34.64
1861,36.67
1862,33.98
1863,32.22
1864,33.49
1865,38.75
1866,25.24
1867,36.55
1868,33.00
1869,43.35
1870,37.76
1871,32.31
1872,35.01
1873,37.81
1874,32.77
1875,33.39
1876,32.65
1877,38.58
1878,29.40
1879,34.86
1880,34.25
1881,40.05
1882,34.21
1883,31.72
1884,35.57
1885,38.69
1886,32.80
1887,30.29
1888,38.56
1889,37.46
1890,30.20
1891,32.18
1892,38.93
1893,35.75
1894,29.80
1895,36.52
1896,37.34
1897,36.61
1898,30.88
1899,31.43
1900,33.00
1901,33.85
1902,28.02
1903,45.88
1904,31.67
1905,39.50
1906,33.68
1907,40.81
1908,30.02
1909,32.22
1910,39.33
1911,36.16
1912,38.03
1913,34.50
1914,30.33
1915,31.41
1916,41.32
1917,33.28
1918,31.49
1919,37.54
1920,37.30
1921,33.32
1922,31.59
1923,38.41
1924,35.82
1925,34.10
1926,31.28
1927,34.76
1928,36.43
1929,33.94
1930,31.71
1931,38.24
1932,36.07
1933,32.90
1934,31.71
1935,38.70
1936,35.19
1937,30.02
1938,36.82
1939,37.63
1940,34.16
1941,31.86
1942,34.66
1943,36.10
1944,34.50
1945,32.90
1946,31.50
1947,40.46
1948,34.27
1949,32.28
1950,32.70
1951,40.26
1952,32.89
1953,31.50
1954,34.75
1955,35.87
1956,35.41
1957,31.26
1958,36.40
1959,37.79
1960,33.04
1961,32.40
1962,34.38
1963,38.70
1964,31.53
1965,33.06
1966,35.96
1967,37.85
1968,32.41
1969,32.71
1970,35.90
1971,36.75
1972,31.37
1973,31.50
1974,39.28
1975,36.89
1976,32.48
1977,31.36
1978,38.80
1979,34.94
1980,32.71
1981,34.28
1982,35.78
1983,36.03
1984,31.72
1985,34.81
1986,36.40
1987,34.89
1988,31.24
1989,34.19
1990,37.45
1991,34.08
1992,29.54
1993,38.14
1994,36.59
1995,35.05
1996,31.84
1997,34.65
1998,37.72
1999,34.21
2000,30.49
2001,35.35
2002,34.84
2003,34.70
2004,32.23
2005,39.10
2006,34.90
2007,34.29
2008,32.10
2009,33.27
2010,38.62
2011,33.89
2012,31.56
2013,36.30
2014,36.58
2015,33.73
2016,30.70
2017,36.50
2018,35.52
2019,34.43
2020,31.74
2021,39.15
2022,34.61
2023,32.69
2024,31.22
2025,41.38
2026,33.78
2027,32.33
2028,32.80
2029,36.14
2030,36.04
2031,32.63
2032,33.05
2033,38.28
2034,33.94
2035,32.77
2036,32.04
2037,41.09
2038,33.33
2039,32.55
2040,33.31
2041,38.89
2042,34.25
2043,32.12
2044,33.32
2045,35.84
2046,35.59
2047,28.62
2048,33.58
2049,42.01
2050,35.28
2051,26.31
2052,42.95
2053,28.56
2054,27.75
2055,48.53
2056,44.17
2057,38.29
2058,31.82
2059,33.54
2060,35.83
2061,37.18
2062,32.90
2063,31.35
2064,34.77
2065,38.79
2066,32.27
2067,32.78
2068,34.86
2069,37.83
2070,32.43
2071,32.45
2072,36.79
2073,36.41
2074,32.23
2075,34.39
2076,35.10
2077,35.70
2078,32.47
2079,35.26
2080,36.42
2081,34.97
2082,31.69
2083,33.00
2084,38.50
2085,34.76
2086,32.16
2087,34.63
2088,35.33
2089,35.17
2090,30.41
2091,36.20
2092,36.40
2093,34.27
2094,32.24
2095,34.79
2096,37.34
2097,33.82
2098,30.87
2099,38.66
2100,34.05
2101,34.16
2102,32.07
2103,38.11
2104,35.34
2105,32.31
2106,32.77
2107,38.22
2108,34.69
2109,32.48
2110,33.33
2111,38.39
2112,34.19
2113,33.61
2114,30.03
2115,40.67
2116,34.78
2117,33.11
2118,30.48
2119,37.22
2120,37.51
2121,33.08
2122,34.83
2123,36.15
2124,33.77
2125,32.22
2126,32.22
2127,40.51
2128,34.03
2129,32.24
2130,34.13
2131,36.55
2132,34.60
2133,32.24
2134,31.80
2135,41.93
2136,30.36
2137,34.57
2138,35.12
2139,38.61
2140,33.36
2141,30.93
2142,36.72
2143,37.43
2144,32.15
2145,33.81
2146,35.53
2147,36.17
2148,32.74
2149,31.68
2150,38.31
2151,35.94
2152,31.31
2153,31.32
2154,36.97
2155,38.94
2156,31.85
2157,33.53
2158,35.93
2159,36.48
2160,32.84
2161,34.13
2162,34.13
2163,35.06
2164,31.85
2165,36.60
2166,36.21
2167,34.41
2168,31.94
2169,35.19
2170,36.49
2171,34.12
2172,32.50
2173,34.26
2174,35.00
2175,34.19
2176,32.56
2177,36.60
2178,36.50
2179,34.88
2180,30.89
2181,31.13
2182,33.80
2183,35.27
2184,32.22
2185,35.62
2186,33.32
2187,39.17
2188,25.49
2189,40.47
2190,50.74
2191,34.32
2192,31.69
2193,36.03
2194,36.74
2195,33.80
2196,31.27
2197,35.78
2198,35.23
2199,35.15
2200,30.69
2201,38.75
2202,35.97
2203,32.71
2204,32.69
2205,37.52
2206,34.83
2207,31.73
2208,31.96
2209,41.76
2210,32.24
2211,33.50
2212,33.74
2213,38.95
2214,33.85
2215,32.19
2216,34.66
2217,37.30
2218,33.51
2219,31.31
2220,35.19
2221,37.37
2222,33.04
2223,33.56
2224,33.60
2225,36.28
2226,32.30
2227,34.75
2228,31.73
2229,39.35
2230,33.75
2231,32.25
2232,34.41
2233,38.87
2234,32.65
2235,33.17
2236,34.01
2237,38.41
2238,31.26
2239,33.79
2240,35.39
2241,36.74
2242,32.95
2243,31.21
2244,32.63
2245,41.29
2246,33.11
2247,32.43
2248,34.93
2249,39.25
2250,32.62
2251,31.15
2252,40.19
2253,34.62
2254,32.26
2255,34.08
2256,36.49
2257,35.69
2258,31.03
2259,33.66
2260,37.91
2261,34.43
2262,32.15
2263,36.57
2264,35.25
2265,34.96
2266,30.97
2267,34.79
2268,37.78
2269,34.29
2270,30.64
2271,37.19
2272,35.81
2273,35.07
2274,30.81
2275,35.54
2276,34.47
2277,35.54
2278,30.73
2279,37.43
2280,37.28
2281,33.16
2282,32.92
2283,37.61
2284,33.12
2285,34.21
2286,30.66
2287,37.76
2288,36.02
2289,33.23
2290,33.87
2291,37.86
2292,34.14
2293,33.23
2294,30.78
2295,41.21
2296,33.74
2297,32.66
2298,34.30
2299,33.22
2300,39.71
2301,33.11
2302,34.03
2303,35.80
2304,34.38
2305,32.68
2306,31.79
2307,41.82
2308,32.99
2309,31.30
2310,36.36
2311,36.68
2312,33.99
2313,32.38
2314,33.07
2315,34.97
2316,31.13
2317,34.71
2318,33.02
2319,37.55
2320,35.94
2321,30.30
2322,36.59
2323,36.03
2324,28.07
2325,44.36
2326,35.82
2327,37.82
2328,32.99
2329,31.81
2330,37.15
2331,37.23
2332,32.72
2333,30.83
2334,38.36
2335,36.46
2336,31.57
2337,35.72
2338,33.42
2339,37.41
2340,31.78
2341,35.05
2342,35.87
2343,35.12
2344,28.41
2345,39.67
2346,35.19
2347,33.58
2348,32.86
2349,37.58
2350,35.11
2351,35.52
2352,31.29
2353,35.79
2354,36.21
2355,33.91
2356,31.41
2357,36.32
2358,34.81
2359,35.65
2360,30.84
2361,37.14
2362,35.38
2363,35.12
2364,31.42
2365,36.48
2366,35.43
2367,32.90
2368,32.04
2369,37.62
2370,32.70
2371,36.66
2372,31.46
2373,37.06
2374,36.63
2375,33.18
2376,29.77
2377,40.87
2378,33.97
2379,34.58
2380,30.52
2381,40.47
2382,34.02
2383,33.50
2384,32.17
2385,38.55
2386,32.51
2387,32.68
2388,34.13
2389,37.40
2390,34.95
2391,32.42
2392,34.39
2393,35.85
2394,35.92
2395,32.04
2396,34.37
2397,37.25
2398,34.53
2399,31.47
2400,34.68
2401,35.79
2402,34.05
2403,34.13
2404,34.43
2405,35.95
2406,34.85
2407,31.08
2408,36.49
2409,36.70
2410,31.46
2411,35.13
2412,32.18
2413,37.95
2414,33.57
2415,33.28
2416,35.88
2417,35.61
2418,32.53
2419,32.45
2420,38.38
2421,36.09
2422,31.70
2423,31.19
2424,37.06
2425,35.96
2426,33.61
2427,33.26
2428,36.42
2429,36.52
2430,31.34
2431,35.02
2432,34.18
2433,34.58
2434,29.10
2435,42.79
2436,33.66
2437,35.64
2438,33.43
2439,34.35
2440,37.85
2441,33.01
2442,30.13
2443,40.63
2444,34.29
2445,28.05
2446,30.33
2447,44.83
2448,35.32
2449,36.20
2450,30.62
2451,33.66
2452,32.18
2453,37.70
2454,24.91
2455,47.49
2456,48.26
2457,34.70
2458,30.06
2459,34.76
2460,39.26
2461,33.37
2462,30.96
2463,40.87
2464,33.93
2465,33.44
2466,31.41
2467,34.77
2468,39.39
2469,32.78
2470,31.62
2471,38.73
2472,33.72
2473,33.08
2474,32.16
2475,38.48
2476,33.29
2477,33.29
2478,31.15
2479,42.55
2480,35.44
2481,32.19
2482,34.82
2483,37.44
2484,32.88
2485,32.53
2486,35.98
2487,36.13
2488,33.93
2489,32.38
2490,35.06
2491,37.18
2492,33.07
2493,31.43
2494,35.39
2495,37.44
2496,33.16
2497,31.29
2498,37.56
2499,36.59
2500,33.68
2501,32.20
2502,34.77
2503,36.32
2504,33.67
2505,31.81
2506,36.75
2507,34.32
2508,34.42
2509,32.57
2510,33.78
2511,40.21
2512,32.42
2513,31.02
2514,28.79
2515,41.20
2516,38.94
2517,34.42
2518,25.89
2519,36.31
2520,45.29
2521,29.13
2522,32.33
2523,29.89
2524,38.61
2525,39.06
2526,43.33
2527,33.54
2528,34.40
2529,29.85
2530,38.15
2531,32.72
2532,27.47
2533,37.37
2534,45.59
2535,36.29
2536,34.90
2537,28.76
2538,45.00
2539,32.79
2540,32.30
2541,35.47
2542,38.27
2543,34.02
2544,30.03
2545,37.28
2546,36.48
2547,30.90
2548,32.04
2549,38.88
2550,37.54
2551,32.65
2552,31.49
2553,36.97
2554,36.37
2555,32.56
2556,31.81
2557,38.07
2558,35.89
2559,32.67
2560,32.32
2561,39.72
2562,34.45
2563,32.23
2564,31.57
2565,40.01
2566,34.39
2567,31.75
2568,31.14
2569,28.00
2570,41.47
2571,33.68
2572,37.77
2573,34.28
2574,34.15
2575,30.28
2576,41.21
2577,35.10
2578,28.84
2579,40.49
2580,37.73
2581,36.26
2582,31.33
2583,36.92
2584,29.30
2585,33.13
2586,33.48
2587,38.76
2588,35.09
2589,38.82
2590,34.81
2591,32.58
2592,33.53
2593,34.83
2594,36.75
2595,33.80
2596,34.43
2597,35.31
2598,32.94
2599,33.65
2600,37.35
2601,37.23
2602,30.97
2603,33.72
2604,36.43
2605,36.88
2606,31.77
2607,33.71
2608,33.40
2609,39.74
2610,29.63
2611,35.64
2612,36.65
2613,35.24
2614,32.50
2615,35.65
2616,34.61
2617,36.45
2618,30.12
2619,36.00
2620,32.52
2621,37.68
2622,32.42
2623,36.86
2624,34.55
2625,35.88
2626,30.89
2627,37.99
2628,34.99
2629,34.28
2630,31.55
2631,35.83
2632,36.57
2633,33.74
2634,31.45
2635,34.42
2636,38.87
2637,31.71
2638,28.62
2639,43.80
2640,36.56
2641,33.36
2642,30.72
2643,36.79
2644,38.04
2645,32.21
2646,31.36
2647,37.82
2648,37.29
2649,32.77
2650,30.57
2651,39.41
2652,36.26
2653,32.07
2654,33.12
2655,39.27
2656,33.03
2657,30.96
2658,32.30
2659,44.07
2660,32.29
2661,32.87
2662,34.60
2663,37.81
2664,33.90
2665,32.18
2666,35.26
2667,37.24
2668,33.50
2669,31.55
2670,35.74
2671,37.19
2672,32.72
2673,32.75
2674,32.02
2675,36.45
2676,36.90
2677,31.22
2678,34.45
2679,41.01
2680,31.83
2681,31.81
2682,37.37
2683,36.68
2684,33.06
2685,31.34
2686,36.52
2687,37.71
2688,32.29
2689,31.71
2690,30.20
2691,42.69
2692,35.50
2693,28.56
2694,37.64
2695,31.81
2696,30.15
2697,39.43
2698,32.94
2699,34.74
2700,32.71
2701,28.40
2702,48.69
2703,44.64
2704,32.74
2705,35.56
2706,36.17
2707,34.82
2708,31.19
2709,33.02
2710,35.69
2711,37.67
2712,31.91
2713,34.49
2714,37.67
2715,34.69
2716,31.18
2717,37.17
2718,34.81
2719,34.45
2720,31.08
2721,34.66
2722,38.10
2723,34.37
2724,30.93
2725,38.07
2726,35.20
2727,33.47
2728,30.19
2729,37.10
2730,37.79
2731,33.80
2732,31.10
2733,38.76
2734,34.40
2735,32.81
2736,32.05
2737,38.55
2738,35.81
2739,33.27
2740,31.59
2741,37.97
2742,34.85
2743,32.26
2744,33.67
2745,36.07
2746,34.24
2747,34.20
2748,32.92
2749,38.62
2750,34.39
2751,32.07
2752,33.90
2753,36.14
2754,35.33
2755,32.44
2756,33.81
2757,35.96
2758,33.32
2759,32.45
2760,35.72
2761,34.72
2762,36.13
2763,32.72
2764,34.11
2765,35.56
2766,26.46
2767,35.15
2768,33.12
2769,38.45
2770,36.45
2771,31.32
2772,42.39
2773,35.15
2774,26.35
2775,33.06
2776,47.74
2777,40.08
2778,32.43
2779,32.02
2780,36.44
2781,38.86
2782,32.00
2783,28.39
2784,40.62
2785,40.05
2786,31.14
2787,33.33
2788,38.03
2789,36.11
2790,30.61
2791,34.70
2792,37.16
2793,35.43
2794,31.80
2795,35.55
2796,35.20
2797,35.23
2798,31.94
2799,33.50
2800,37.79
2801,33.30
2802,32.23
2803,36.85
2804,36.27
2805,33.22
2806,31.94
2807,34.63
2808,37.22
2809,34.29
2810,31.43
2811,36.90
2812,35.67
2813,34.80
2814,31.17
2815,37.14
2816,35.90
2817,32.17
2818,31.65
2819,35.94
2820,38.74
2821,32.90
2822,32.48
2823,34.90
2824,35.97
2825,33.08
2826,32.03
2827,35.39
2828,36.19
2829,33.36
2830,31.44
2831,37.40
2832,36.78
2833,33.07
2834,30.58
2835,42.11
2836,31.05
2837,33.55
2838,35.47
2839,36.86
2840,35.36
2841,32.86
2842,31.38
2843,40.40
2844,34.48
2845,31.68
2846,34.97
2847,35.37
2848,35.39
2849,30.70
2850,35.77
2851,38.16
2852,34.11
2853,31.43
2854,32.06
2855,40.29
2856,34.21
2857,32.80
2858,34.35
2859,37.95
2860,33.81
2861,32.38
2862,28.28
2863,42.22
2864,37.26
2865,32.18
2866,36.67
2867,36.70
2868,32.90
2869,31.54
2870,38.71
2871,36.11
2872,32.27
2873,31.16
2874,40.36
2875,34.85
2876,32.27
2877,33.95
2878,36.39
2879,35.60
2880,30.45
2881,35.69
2882,37.17
2883,35.02
2884,31.77
2885,34.85
2886,36.53
2887,33.42
2888,32.81
2889,34.41
2890,36.92
2891,26.63
2892,31.04
2893,43.50
2894,35.57
2895,35.55
2896,33.16
2897,35.53
2898,31.68
2899,28.81
2900,37.66
2901,49.80
2902,35.34
2903,33.82
2904,31.36
2905,36.19
2906,36.79
2907,33.22
2908,30.40
2909,38.71
2910,36.38
2911,32.73
2912,32.00
2913,36.72
2914,36.47
2915,32.55
2916,32.46
2917,38.06
2918,35.04
2919,32.80
2920,31.89
2921,38.57
2922,35.18
2923,32.74
2924,33.85
2925,36.89
2926,31.95
2927,34.88
2928,33.92
2929,36.70
2930,33.59
2931,32.76
2932,33.76
2933,36.02
2934,36.65
2935,31.36
2936,35.18
2937,36.30
2938,34.04
2939,32.43
2940,35.24
2941,37.24
2942,33.55
2943,32.30
2944,34.17
2945,34.85
2946,34.74
2947,33.42
2948,34.72
2949,38.02
2950,32.59
2951,32.50
2952,35.27
2953,37.49
2954,33.23
2955,31.46
2956,36.04
2957,37.40
2958,31.97
2959,33.33
2960,36.07
2961,36.66
2962,32.50
2963,32.36
2964,36.88
2965,36.22
2966,32.52
2967,34.02
2968,36.17
2969,34.97
2970,32.53
2971,33.47
2972,36.27
2973,35.72
2974,31.80
2975,34.20
2976,37.39
2977,34.95
2978,31.30
2979,35.30
2980,34.89
2981,34.91
2982,32.62
2983,35.79
2984,35.57
2985,34.85
2986,31.38
2987,34.85
2988,37.50
2989,34.56
2990,31.31
2991,35.18
2992,36.78
2993,33.55
2994,31.08
2995,36.40
2996,37.70
2997,33.13
2998,31.38
2999,37.02
3000,36.52
3001,33.29
3002,31.07
3003,36.35
3004,37.73
3005,32.35
3006,31.13
3007,38.25
3008,37.09
3009,31.92
3010,33.54
3011,38.45
3012,34.26
3013,31.59
3014,34.15
3015,38.36
3016,33.91
3017,29.04
3018,29.59
3019,48.09
3020,29.94
3021,36.94
3022,33.12
3023,33.35
3024,26.51
3025,38.05
3026,42.43
3027,43.34
3028,34.56
3029,30.09
3030,32.34
3031,39.92
3032,35.24
3033,31.45
3034,23.99
3035,35.11
3036,52.87
3037,38.37
3038,35.42
3039,37.19
3040,33.63
3041,32.07
3042,31.31
3043,43.71
3044,32.94
3045,31.34
3046,38.44
3047,35.60
3048,32.43
3049,32.72
3050,36.42
3051,36.95
3052,31.11
3053,33.47
3054,34.12
3055,39.88
3056,31.50
3057,31.76
3058,37.14
3059,37.93
3060,31.24
3061,32.84
3062,39.72
3063,34.52
3064,31.61
3065,34.05
3066,38.30
3067,35.04
3068,30.48
3069,35.93
3070,32.55
3071,36.88
3072,31.90
3073,35.75
3074,37.27
3075,34.92
3076,30.64
3077,37.94
3078,33.77
3079,36.17
3080,31.48
3081,36.73
3082,35.81
3083,33.73
3084,30.36
3085,36.19
3086,38.35
3087,33.54
3088,30.28
3089,39.01
3090,36.00
3091,32.68
3092,32.15
3093,35.82
3094,37.40
3095,31.50
3096,33.23
3097,32.67
3098,41.21
3099,32.79
3100,33.08
3101,38.24
3102,34.12
3103,31.80
3104,31.89
3105,41.26
3106,31.82
3107,33.14
3108,36.38
3109,36.41
3110,34.68
3111,32.28
3112,33.90
3113,37.77
3114,33.62
3115,32.21
3116,34.78
3117,35.84
3118,34.88
3119,32.86
3120,34.06
3121,36.18
3122,34.54
3123,32.25
3124,34.95
3125,33.92
3126,35.41
3127,32.27
3128,36.10
3129,36.66
3130,33.67
3131,32.23
3132,36.21
3133,36.36
3134,33.09
3135,30.95
3136,36.33
3137,37.85
3138,33.00
3139,32.23
3140,35.68
3141,36.97
3142,30.65
3143,29.56
3144,36.91
3145,32.59
3146,31.29
3147,45.54
3148,33.30
3149,32.66
3150,27.53
3151,35.79
3152,53.29
3153,37.67
3154,30.51
3155,35.23
3156,35.29
3157,36.95
3158,31.04
3159,37.06
3160,35.37
3161,34.61
3162,30.78
3163,36.50
3164,36.78
3165,33.78
3166,31.05
3167,36.51
3168,36.06
3169,34.14
3170,30.84
3171,38.90
3172,34.36
3173,33.93
3174,30.02
3175,42.21
3176,34.39
3177,32.59
3178,29.67
3179,43.23
3180,33.25
3181,34.43
3182,30.24
3183,41.47
3184,34.66
3185,32.12
3186,31.78
3187,38.99
3188,35.71
3189,32.49
3190,33.40
3191,35.95
3192,34.53
3193,33.34
3194,33.63
3195,37.75
3196,34.59
3197,30.51
3198,30.22
3199,47.49
3200,32.63
3201,32.48
3202,35.49
3203,37.48
3204,32.87
3205,33.09
3206,29.84
3207,37.56
3208,36.42
3209,32.45
3210,36.03
3211,36.95
3212,33.08
3213,31.67
3214,35.06
3215,38.07
3216,33.42
3217,30.73
3218,32.47
3219,43.58
3220,32.23
3221,31.43
3222,38.98
3223,35.88
3224,32.21
3225,31.38
3226,39.24
3227,36.19
3228,32.52
3229,31.63
3230,38.21
3231,36.21
3232,30.85
3233,33.10
3234,35.22
3235,39.37
3236,31.58
3237,34.90
3238,34.30
3239,34.83
3240,34.47
3241,32.15
3242,31.70
3243,43.05
3244,34.14
3245,32.24
3246,34.90
3247,34.18
3248,32.07
3249,40.95
3250,35.56
3251,33.26
3252,30.91
3253,35.86
3254,32.16
3255,34.20
3256,27.22
3257,53.19
3258,27.72
3259,38.25
3260,31.46
3261,45.23
3262,27.88
3263,31.12
3264,44.63
3265,39.49
3266,35.04
3267,32.75
3268,31.68
3269,35.56
3270,40.58
3271,31.58
3272,31.61
3273,41.01
3274,34.49
3275,33.03
3276,32.20
3277,36.24
3278,35.15
3279,34.06
3280,30.15
3281,40.64
3282,35.24
3283,33.20
3284,33.60
3285,37.19
3286,34.35
3287,30.95
3288,35.77
3289,33.04
3290,38.45
3291,32.33
3292,34.09
3293,38.22
3294,33.36
3295,32.23
3296,34.95
3297,36.33
3298,33.36
3299,32.25
3300,35.29
3301,36.91
3302,33.66
3303,31.17
3304,35.42
3305,37.65
3306,33.99
3307,31.40
3308,37.10
3309,37.18
3310,33.27
3311,30.60
3312,37.66
3313,36.39
3314,33.59
3315,31.30
3316,37.36
3317,36.52
3318,32.40
3319,31.58
3320,36.85
3321,37.51
3322,31.57
3323,34.22
3324,36.37
3325,35.89
3326,31.42
3327,35.40
3328,34.98
3329,35.62
3330,32.06
3331,33.10
3332,36.75
3333,36.02
3334,31.63
3335,36.53
3336,35.67
3337,34.71
3338,31.56
3339,35.77
3340,32.95
3341,35.09
3342,33.60
3343,35.42
3344,36.03
3345,34.13
3346,30.65
3347,35.53
3348,38.66
3349,32.72
3350,31.27
3351,40.67
3352,34.42
3353,34.23
3354,30.69
3355,37.95
3356,35.77
3357,33.27
3358,32.10
3359,32.60
3360,37.60
3361,34.93
3362,31.06
