timestamp,frame_count,fps
2026-02-03T16:04:36.525834,30,18.6
2026-02-03T16:04:37.453952,60,23.61
2026-02-03T16:04:38.378419,90,25.97
2026-02-03T16:04:39.303519,120,27.33
2026-02-03T16:04:40.231652,150,28.2
2026-02-03T16:04:41.154055,180,28.84
2026-02-03T16:04:42.082731,210,29.29
2026-02-03T16:04:43.014460,240,29.62
2026-02-03T16:04:43.933935,270,29.93
2026-02-03T16:04:44.858415,300,30.16
2026-02-03T16:04:45.784628,330,30.35
2026-02-03T16:04:46.706261,360,30.53
2026-02-03T16:04:47.640399,390,30.64
2026-02-03T16:04:48.558253,420,30.78
2026-02-03T16:04:49.483939,450,30.88
2026-02-03T16:04:50.413562,480,30.97
2026-02-03T16:04:51.336886,510,31.05
2026-02-03T16:04:52.266765,540,31.12
2026-02-03T16:04:53.188036,570,31.19
2026-02-03T16:04:54.116531,600,31.24
2026-02-03T16:04:55.042493,630,31.3
2026-02-03T16:04:55.969913,660,31.34
2026-02-03T16:04:56.890419,690,31.4
2026-02-03T16:04:57.815820,720,31.44
2026-02-03T16:04:58.742125,750,31.47
2026-02-03T16:04:59.665621,780,31.51
2026-02-03T16:05:00.597471,810,31.54
2026-02-03T16:05:01.516071,840,31.58
2026-02-03T16:05:02.446762,870,31.6
2026-02-03T16:05:03.376705,900,31.62
2026-02-03T16:05:04.298887,930,31.65
2026-02-03T16:05:05.217214,960,31.68
2026-02-03T16:05:06.147732,990,31.7
2026-02-03T16:05:07.072899,1020,31.72
2026-02-03T16:05:07.997077,1050,31.74
2026-02-03T16:05:08.921369,1080,31.76
2026-02-03T16:05:09.846984,1110,31.77
2026-02-03T16:05:10.774294,1140,31.79
2026-02-03T16:05:11.698059,1170,31.81
2026-02-03T16:05:12.632200,1200,31.81
2026-02-03T16:05:13.549599,1230,31.83
2026-02-03T16:05:14.477886,1260,31.85
2026-02-03T16:05:15.400593,1290,31.86
2026-02-03T16:05:16.328792,1320,31.87
2026-02-03T16:05:17.252514,1350,31.88
2026-02-03T16:05:18.181402,1380,31.89
2026-02-03T16:05:19.107524,1410,31.9
2026-02-03T16:05:20.028531,1440,31.92
2026-02-03T16:05:20.957956,1470,31.93
2026-02-03T16:05:21.879567,1500,31.94
2026-02-03T16:05:22.809849,1530,31.94
2026-02-03T16:05:23.730280,1560,31.96
2026-02-03T16:05:24.661405,1590,31.96
2026-02-03T16:05:25.585721,1620,31.97
2026-02-03T16:05:26.510053,1650,31.98
2026-02-03T16:05:27.433080,1680,31.99
2026-02-03T16:05:28.361412,1710,31.99
2026-02-03T16:05:29.284116,1740,32.0
2026-02-03T16:05:30.209958,1770,32.01
2026-02-03T16:05:31.140952,1800,32.01
2026-02-03T16:05:32.060096,1830,32.02
2026-02-03T16:05:32.990596,1860,32.03
2026-02-03T16:05:33.912231,1890,32.03
2026-02-03T16:05:34.840751,1920,32.04
2026-02-03T16:05:35.777272,1950,32.04
2026-02-03T16:05:36.692408,1980,32.05
2026-02-03T16:05:37.616952,2010,32.06
2026-02-03T16:05:38.540937,2040,32.06
2026-02-03T16:05:39.467575,2070,32.07
2026-02-03T16:05:40.391199,2100,32.07
2026-02-03T16:05:41.321005,2130,32.07
2026-02-03T16:05:42.245286,2160,32.08
2026-02-03T16:05:43.172774,2190,32.08
2026-02-03T16:05:44.092959,2220,32.09
2026-02-03T16:05:45.023350,2250,32.09
2026-02-03T16:05:45.943463,2280,32.1
2026-02-03T16:05:46.872838,2310,32.1
2026-02-03T16:05:47.801917,2340,32.1
2026-02-03T16:05:48.722957,2370,32.11
2026-02-03T16:05:49.648947,2400,32.11
2026-02-03T16:05:50.574568,2430,32.12
2026-02-03T16:05:51.502200,2460,32.12
2026-02-03T16:05:52.425788,2490,32.12
2026-02-03T16:05:53.358984,2520,32.12
2026-02-03T16:05:54.278097,2550,32.13
2026-02-03T16:05:55.207101,2580,32.13
2026-02-03T16:05:56.129749,2610,32.14
2026-02-03T16:05:57.057873,2640,32.14
2026-02-03T16:05:57.983304,2670,32.14
2026-02-03T16:05:58.908696,2700,32.14
2026-02-03T16:05:59.836323,2730,32.15
2026-02-03T16:06:00.761132,2760,32.15
2026-02-03T16:06:01.689406,2790,32.15
2026-02-03T16:06:02.611252,2820,32.16
2026-02-03T16:06:03.543171,2850,32.16
2026-02-03T16:06:04.465632,2880,32.16
2026-02-03T16:06:05.394039,2910,32.16
2026-02-03T16:06:06.320001,2940,32.16
2026-02-03T16:06:07.247406,2970,32.17
2026-02-03T16:06:08.166005,3000,32.17
2026-02-03T16:06:09.095213,3030,32.17
2026-02-03T16:06:10.025342,3060,32.17
2026-02-03T16:06:10.949352,3090,32.18
2026-02-03T16:06:11.873803,3120,32.18
2026-02-03T16:06:12.796798,3150,32.18
2026-02-03T16:06:13.727572,3180,32.18
2026-02-03T16:06:14.649115,3210,32.18
2026-02-03T16:06:15.579064,3240,32.19
2026-02-03T16:06:16.500908,3270,32.19
2026-02-03T16:06:17.429358,3300,32.19
2026-02-03T16:06:18.353470,3330,32.19
2026-02-03T16:06:19.284931,3360,32.19
2026-02-03T16:06:20.207168,3390,32.2
2026-02-03T16:06:21.130950,3420,32.2
2026-02-03T16:06:22.063294,3450,32.2
2026-02-03T16:06:22.981906,3480,32.2
2026-02-03T16:06:23.913328,3510,32.2
2026-02-03T16:06:24.834790,3540,32.2
2026-02-03T16:06:25.764581,3570,32.21
2026-02-03T16:06:26.685338,3600,32.21
2026-02-03T16:06:27.618422,3630,32.21
2026-02-03T16:06:28.536359,3660,32.21
2026-02-03T16:06:29.465439,3690,32.21
2026-02-03T16:06:30.390704,3720,32.21
2026-02-03T16:06:31.317573,3750,32.22
2026-02-03T16:06:32.244531,3780,32.22
2026-02-03T16:06:33.170571,3810,32.22
2026-02-03T16:06:34.097274,3840,32.22
2026-02-03T16:06:35.018254,3870,32.22
2026-02-03T16:06:35.948817,3900,32.22
2026-02-03T16:06:36.870061,3930,32.22
2026-02-03T16:06:37.805788,3960,32.22
2026-02-03T16:06:38.728224,3990,32.23
2026-02-03T16:06:39.652842,4020,32.23
2026-02-03T16:06:40.577026,4050,32.23
2026-02-03T16:06:41.501305,4080,32.23
2026-02-03T16:06:42.429282,4110,32.23
2026-02-03T16:06:43.351840,4140,32.23
2026-02-03T16:06:44.282286,4170,32.23
2026-02-03T16:06:45.204814,4200,32.24
2026-02-03T16:06:46.135115,4230,32.24
2026-02-03T16:06:47.053280,4260,32.24
2026-02-03T16:06:47.984108,4290,32.24
2026-02-03T16:06:48.906792,4320,32.24
2026-02-03T16:06:49.834113,4350,32.24
2026-02-03T16:06:50.760115,4380,32.24
2026-02-03T16:06:51.687540,4410,32.24
2026-02-03T16:06:52.610952,4440,32.24
2026-02-03T16:06:53.534795,4470,32.25
2026-02-03T16:06:54.467291,4500,32.25
2026-02-03T16:06:55.386957,4530,32.25
2026-02-03T16:06:56.318783,4560,32.25
2026-02-03T16:06:57.245997,4590,32.25
2026-02-03T16:06:58.169467,4620,32.25
2026-02-03T16:06:59.090375,4650,32.25
2026-02-03T16:07:00.017163,4680,32.25
2026-02-03T16:07:00.942740,4710,32.25
2026-02-03T16:07:01.868548,4740,32.25
2026-02-03T16:07:02.816436,4770,32.25
2026-02-03T16:07:03.719426,4800,32.26
2026-02-03T16:07:04.648986,4830,32.26
2026-02-03T16:07:05.570592,4860,32.26
2026-02-03T16:07:06.501377,4890,32.26
2026-02-03T16:07:07.421404,4920,32.26
2026-02-03T16:07:08.351039,4950,32.26
2026-02-03T16:07:09.278059,4980,32.26
2026-02-03T16:07:10.205982,5010,32.26
2026-02-03T16:07:11.125441,5040,32.26
2026-02-03T16:07:12.051903,5070,32.26
2026-02-03T16:07:12.977636,5100,32.27
2026-02-03T16:07:13.903580,5130,32.27
2026-02-03T16:07:14.832493,5160,32.27
2026-02-03T16:07:15.756865,5190,32.27
2026-02-03T16:07:16.685138,5220,32.27
2026-02-03T16:07:17.605401,5250,32.27
2026-02-03T16:07:18.533678,5280,32.27
2026-02-03T16:07:19.457926,5310,32.27
2026-02-03T16:07:20.384859,5340,32.27
2026-02-03T16:07:21.309517,5370,32.27
2026-02-03T16:07:22.240217,5400,32.27
2026-02-03T16:07:23.163383,5430,32.27
2026-02-03T16:07:24.085461,5460,32.27
2026-02-03T16:07:25.015688,5490,32.27
2026-02-03T16:07:25.935990,5520,32.28
2026-02-03T16:07:26.867483,5550,32.28
2026-02-03T16:07:27.791253,5580,32.28
2026-02-03T16:07:28.719859,5610,32.28
2026-02-03T16:07:29.638600,5640,32.28
2026-02-03T16:07:30.567850,5670,32.28
2026-02-03T16:07:31.492172,5700,32.28
2026-02-03T16:07:32.417933,5730,32.28
2026-02-03T16:07:33.346477,5760,32.28
2026-02-03T16:07:34.268930,5790,32.28
2026-02-03T16:07:35.198391,5820,32.28
2026-02-03T16:07:36.121316,5850,32.28
2026-02-03T16:07:37.061896,5880,32.28
2026-02-03T16:07:37.971208,5910,32.28
2026-02-03T16:07:38.899807,5940,32.28
2026-02-03T16:07:39.825364,5970,32.29
2026-02-03T16:07:40.749990,6000,32.29
2026-02-03T16:07:41.675584,6030,32.29
2026-02-03T16:07:42.600859,6060,32.29
2026-02-03T16:07:43.528992,6090,32.29
2026-02-03T16:07:44.456041,6120,32.29
2026-02-03T16:07:45.384776,6150,32.29
2026-02-03T16:07:46.305587,6180,32.29
2026-02-03T16:07:47.242032,6210,32.29
2026-02-03T16:07:48.153456,6240,32.29
2026-02-03T16:07:49.082963,6270,32.29
2026-02-03T16:07:50.004774,6300,32.29
2026-02-03T16:07:50.933174,6330,32.29
2026-02-03T16:07:51.858932,6360,32.29
2026-02-03T16:07:52.783837,6390,32.29
2026-02-03T16:07:53.709494,6420,32.29
2026-02-03T16:07:54.633931,6450,32.3
2026-02-03T16:07:55.568471,6480,32.29
2026-02-03T16:07:56.487417,6510,32.3
2026-02-03T16:07:57.415182,6540,32.3
2026-02-03T16:07:58.337942,6570,32.3
2026-02-03T16:07:59.265413,6600,32.3
2026-02-03T16:08:00.187648,6630,32.3
2026-02-03T16:08:01.115347,6660,32.3
2026-02-03T16:08:02.044112,6690,32.3
2026-02-03T16:08:02.966609,6720,32.3
2026-02-03T16:08:03.893630,6750,32.3
2026-02-03T16:08:04.818004,6780,32.3
2026-02-03T16:08:05.746674,6810,32.3
2026-02-03T16:08:06.666985,6840,32.3
2026-02-03T16:08:07.600289,6870,32.3
2026-02-03T16:08:08.519689,6900,32.3
2026-02-03T16:08:09.449006,6930,32.3
2026-02-03T16:08:10.370677,6960,32.3
2026-02-03T16:08:11.300964,6990,32.3
2026-02-03T16:08:12.224001,7020,32.3
2026-02-03T16:08:13.152117,7050,32.3
2026-02-03T16:08:14.078265,7080,32.3
2026-02-03T16:08:15.002512,7110,32.31
2026-02-03T16:08:15.928108,7140,32.31
2026-02-03T16:08:16.850075,7170,32.31
2026-02-03T16:08:17.780234,7200,32.31
2026-02-03T16:08:18.701747,7230,32.31
2026-02-03T16:08:19.630595,7260,32.31
2026-02-03T16:08:20.555105,7290,32.31
2026-02-03T16:08:21.480411,7320,32.31
2026-02-03T16:08:22.405421,7350,32.31
2026-02-03T16:08:23.331928,7380,32.31
2026-02-03T16:08:24.259201,7410,32.31
2026-02-03T16:08:25.181521,7440,32.31
2026-02-03T16:08:26.113950,7470,32.31
2026-02-03T16:08:27.031850,7500,32.31
2026-02-03T16:08:27.963165,7530,32.31
2026-02-03T16:08:28.890946,7560,32.31
2026-02-03T16:08:29.813090,7590,32.31
2026-02-03T16:08:30.735379,7620,32.31
2026-02-03T16:08:31.665145,7650,32.31
2026-02-03T16:08:32.586909,7680,32.31
2026-02-03T16:08:33.513511,7710,32.31
2026-02-03T16:08:34.439595,7740,32.31
2026-02-03T16:08:35.365030,7770,32.31
2026-02-03T16:08:36.295849,7800,32.31
2026-02-03T16:08:37.215836,7830,32.31
2026-02-03T16:08:38.144849,7860,32.31
2026-02-03T16:08:39.066502,7890,32.32
2026-02-03T16:08:39.995124,7920,32.32
2026-02-03T16:08:40.920164,7950,32.32
2026-02-03T16:08:41.845034,7980,32.32
2026-02-03T16:08:42.773471,8010,32.32
2026-02-03T16:08:43.695379,8040,32.32
2026-02-03T16:08:44.624112,8070,32.32
2026-02-03T16:08:45.546618,8100,32.32
2026-02-03T16:08:46.476209,8130,32.32
2026-02-03T16:08:47.396090,8160,32.32
2026-02-03T16:08:48.330556,8190,32.32
2026-02-03T16:08:49.247811,8220,32.32
2026-02-03T16:08:50.177851,8250,32.32
2026-02-03T16:08:51.101786,8280,32.32
2026-02-03T16:08:52.028071,8310,32.32
2026-02-03T16:08:52.953036,8340,32.32
2026-02-03T16:08:53.881371,8370,32.32
2026-02-03T16:08:54.810194,8400,32.32
2026-02-03T16:08:55.732151,8430,32.32
2026-02-03T16:08:56.660067,8460,32.32
2026-02-03T16:08:57.582180,8490,32.32
2026-02-03T16:08:58.513553,8520,32.32
2026-02-03T16:08:59.437233,8550,32.32
2026-02-03T16:09:00.362280,8580,32.32
2026-02-03T16:09:01.283728,8610,32.32
2026-02-03T16:09:02.210834,8640,32.32
2026-02-03T16:09:03.137068,8670,32.32
2026-02-03T16:09:04.063191,8700,32.32
2026-02-03T16:09:04.991163,8730,32.32
2026-02-03T16:09:05.913633,8760,32.32
2026-02-03T16:09:06.843965,8790,32.32
2026-02-03T16:09:07.761513,8820,32.33
2026-02-03T16:09:08.692367,8850,32.33
2026-02-03T16:09:09.628288,8880,32.32
2026-02-03T16:09:10.545260,8910,32.33
2026-02-03T16:09:11.469587,8940,32.33
2026-02-03T16:09:12.393953,8970,32.33
2026-02-03T16:09:13.316319,9000,32.33
2026-02-03T16:09:14.250981,9030,32.33
2026-02-03T16:09:15.173013,9060,32.33
2026-02-03T16:09:16.098687,9090,32.33
2026-02-03T16:09:17.023306,9120,32.33
2026-02-03T16:09:17.947741,9150,32.33
2026-02-03T16:09:18.880068,9180,32.33
2026-02-03T16:09:19.797428,9210,32.33
2026-02-03T16:09:20.730013,9240,32.33
2026-02-03T16:09:21.652226,9270,32.33
2026-02-03T16:09:22.581083,9300,32.33
2026-02-03T16:09:23.501699,9330,32.33
2026-02-03T16:09:24.427213,9360,32.33
2026-02-03T16:09:25.368268,9390,32.33
2026-02-03T16:09:26.277733,9420,32.33
2026-02-03T16:09:27.220888,9450,32.33
2026-02-03T16:09:28.127137,9480,32.33
2026-02-03T16:09:29.056307,9510,32.33
2026-02-03T16:09:29.975905,9540,32.33
2026-02-03T16:09:30.907779,9570,32.33
2026-02-03T16:09:31.832191,9600,32.33
2026-02-03T16:09:32.757143,9630,32.33
2026-02-03T16:09:33.683821,9660,32.33
2026-02-03T16:09:34.613366,9690,32.33
2026-02-03T16:09:35.544510,9720,32.33
2026-02-03T16:09:36.463251,9750,32.33
2026-02-03T16:09:37.390078,9780,32.33
2026-02-03T16:09:38.314329,9810,32.33
2026-02-03T16:09:39.239681,9840,32.33
2026-02-03T16:09:40.164487,9870,32.33
2026-02-03T16:09:41.097155,9900,32.33
2026-02-03T16:09:42.015433,9930,32.33
2026-02-03T16:09:42.942169,9960,32.33
2026-02-03T16:09:43.882191,9990,32.33
2026-02-03T16:09:44.790209,10020,32.34
2026-02-03T16:09:45.715587,10050,32.34
2026-02-03T16:09:46.641855,10080,32.34
2026-02-03T16:09:47.568018,10110,32.34
2026-02-03T16:09:48.490702,10140,32.34
2026-02-03T16:09:49.420568,10170,32.34
2026-02-03T16:09:50.341239,10200,32.34
2026-02-03T16:09:51.279688,10230,32.34
2026-02-03T16:09:52.194271,10260,32.34
2026-02-03T16:09:53.121810,10290,32.34
2026-02-03T16:09:54.051182,10320,32.34
2026-02-03T16:09:54.980018,10350,32.34
2026-02-03T16:09:55.900005,10380,32.34
2026-02-03T16:09:56.826947,10410,32.34
2026-02-03T16:09:57.752709,10440,32.34
2026-02-03T16:09:58.678468,10470,32.34
2026-02-03T16:09:59.613683,10500,32.34
2026-02-03T16:10:00.529187,10530,32.34
2026-02-03T16:10:01.460047,10560,32.34
2026-02-03T16:10:02.380148,10590,32.34
2026-02-03T16:10:03.313250,10620,32.34
2026-02-03T16:10:04.229999,10650,32.34
2026-02-03T16:10:05.164956,10680,32.34
2026-02-03T16:10:06.082383,10710,32.34
2026-02-03T16:10:07.006738,10740,32.34
2026-02-03T16:10:07.934405,10770,32.34
2026-02-03T16:10:08.855086,10800,32.34
2026-02-03T16:10:09.784045,10830,32.34
2026-02-03T16:10:10.706234,10860,32.34
2026-02-03T16:10:11.636240,10890,32.34
2026-02-03T16:10:12.559337,10920,32.34
2026-02-03T16:10:13.494645,10950,32.34
2026-02-03T16:10:14.413875,10980,32.34
2026-02-03T16:10:15.341446,11010,32.34
2026-02-03T16:10:16.267812,11040,32.34
2026-02-03T16:10:17.189611,11070,32.34
2026-02-03T16:10:18.123808,11100,32.34
2026-02-03T16:10:19.043075,11130,32.34
2026-02-03T16:10:19.979863,11160,32.34
2026-02-03T16:10:20.896580,11190,32.34
2026-02-03T16:10:21.823404,11220,32.34
2026-02-03T16:10:22.771377,11250,32.34
2026-02-03T16:10:23.682321,11280,32.34
2026-02-03T16:10:24.601737,11310,32.34
2026-02-03T16:10:25.526331,11340,32.34
2026-02-03T16:10:26.453931,11370,32.34
2026-02-03T16:10:27.381553,11400,32.34
2026-02-03T16:10:28.309710,11430,32.34
2026-02-03T16:10:29.231004,11460,32.34
2026-02-03T16:10:30.168463,11490,32.34
2026-02-03T16:10:31.083310,11520,32.34
2026-02-03T16:10:32.018049,11550,32.34
2026-02-03T16:10:32.934856,11580,32.34
2026-02-03T16:10:33.866544,11610,32.34
2026-02-03T16:10:34.787491,11640,32.34
2026-02-03T16:10:35.716041,11670,32.34
2026-02-03T16:10:36.640132,11700,32.34
2026-02-03T16:10:37.577136,11730,32.34
2026-02-03T16:10:38.499566,11760,32.34
2026-02-03T16:10:39.424649,11790,32.34
2026-02-03T16:10:40.366326,11820,32.34
2026-02-03T16:10:41.276375,11850,32.34
2026-02-03T16:10:42.201780,11880,32.35
2026-02-03T16:10:43.125431,11910,32.35
2026-02-03T16:10:44.052824,11940,32.35
2026-02-03T16:10:44.981164,11970,32.35
2026-02-03T16:10:45.905825,12000,32.35
2026-02-03T16:10:46.832128,12030,32.35
2026-02-03T16:10:47.757961,12060,32.35
2026-02-03T16:10:48.688461,12090,32.35
2026-02-03T16:10:49.614059,12120,32.35
2026-02-03T16:10:50.540983,12150,32.35
2026-02-03T16:10:51.459774,12180,32.35
2026-02-03T16:10:52.389908,12210,32.35
2026-02-03T16:10:53.321253,12240,32.35
2026-02-03T16:10:54.242946,12270,32.35
2026-02-03T16:10:55.167288,12300,32.35
2026-02-03T16:10:56.094382,12330,32.35
2026-02-03T16:10:57.019197,12360,32.35
2026-02-03T16:10:57.943855,12390,32.35
2026-02-03T16:10:58.871440,12420,32.35
2026-02-03T16:10:59.796507,12450,32.35
2026-02-03T16:11:00.724966,12480,32.35
2026-02-03T16:11:01.646653,12510,32.35
2026-02-03T16:11:02.576356,12540,32.35
2026-02-03T16:11:03.500287,12570,32.35
2026-02-03T16:11:04.442540,12600,32.35
2026-02-03T16:11:05.353662,12630,32.35
2026-02-03T16:11:06.279436,12660,32.35
2026-02-03T16:11:07.205812,12690,32.35
2026-02-03T16:11:08.133276,12720,32.35
2026-02-03T16:11:09.061141,12750,32.35
2026-02-03T16:11:09.983947,12780,32.35
2026-02-03T16:11:10.921806,12810,32.35
2026-02-03T16:11:11.836717,12840,32.35
2026-02-03T16:11:12.766657,12870,32.35
2026-02-03T16:11:13.688824,12900,32.35
2026-02-03T16:11:14.615715,12930,32.35
2026-02-03T16:11:15.536296,12960,32.35
2026-02-03T16:11:16.465201,12990,32.35
2026-02-03T16:11:17.395185,13020,32.35
2026-02-03T16:11:18.322559,13050,32.35
2026-02-03T16:11:19.245017,13080,32.35
2026-02-03T16:11:20.172752,13110,32.35
2026-02-03T16:11:21.097038,13140,32.35
2026-02-03T16:11:22.019392,13170,32.35
2026-02-03T16:11:22.949456,13200,32.35
2026-02-03T16:11:23.877723,13230,32.35
2026-02-03T16:11:24.806187,13260,32.35
2026-02-03T16:11:25.729591,13290,32.35
2026-02-03T16:11:26.653926,13320,32.35
2026-02-03T16:11:27.580796,13350,32.35
2026-02-03T16:11:28.508478,13380,32.35
2026-02-03T16:11:29.438986,13410,32.35
2026-02-03T16:11:30.362445,13440,32.35
2026-02-03T16:11:31.285096,13470,32.35
2026-02-03T16:11:32.208734,13500,32.35
2026-02-03T16:11:33.135264,13530,32.35
2026-02-03T16:11:34.075703,13560,32.35
2026-02-03T16:11:34.988284,13590,32.35
2026-02-03T16:11:35.908669,13620,32.35
2026-02-03T16:11:36.839170,13650,32.35
2026-02-03T16:11:37.768842,13680,32.35
2026-02-03T16:11:38.689959,13710,32.35
2026-02-03T16:11:39.612408,13740,32.35
2026-02-03T16:11:40.541802,13770,32.35
2026-02-03T16:11:41.469455,13800,32.35
2026-02-03T16:11:42.390691,13830,32.35
2026-02-03T16:11:43.321079,13860,32.35
2026-02-03T16:11:44.242663,13890,32.35
2026-02-03T16:11:45.171673,13920,32.35
2026-02-03T16:11:46.094712,13950,32.35
2026-02-03T16:11:47.020444,13980,32.35
2026-02-03T16:11:47.946330,14010,32.35
2026-02-03T16:11:48.872736,14040,32.35
2026-02-03T16:11:49.800536,14070,32.35
2026-02-03T16:11:50.725168,14100,32.35
2026-02-03T16:11:51.653609,14130,32.35
2026-02-03T16:11:52.576974,14160,32.35
2026-02-03T16:11:53.505513,14190,32.35
2026-02-03T16:11:54.434589,14220,32.35
2026-02-03T16:11:55.363481,14250,32.35
2026-02-03T16:11:56.284886,14280,32.35
2026-02-03T16:11:57.209586,14310,32.35
2026-02-03T16:11:58.133869,14340,32.35
2026-02-03T16:11:59.061829,14370,32.35
2026-02-03T16:11:59.985970,14400,32.35
2026-02-03T16:12:00.913833,14430,32.35
2026-02-03T16:12:01.839263,14460,32.35
2026-02-03T16:12:02.765526,14490,32.35
2026-02-03T16:12:03.698411,14520,32.35
2026-02-03T16:12:04.616738,14550,32.35
2026-02-03T16:12:05.546785,14580,32.35
2026-02-03T16:12:06.462956,14610,32.36
2026-02-03T16:12:07.391461,14640,32.36
2026-02-03T16:12:08.316270,14670,32.36
2026-02-03T16:12:09.241406,14700,32.36
2026-02-03T16:12:10.171709,14730,32.36
2026-02-03T16:12:11.092272,14760,32.36
2026-02-03T16:12:12.025618,14790,32.36
2026-02-03T16:12:12.943123,14820,32.36
2026-02-03T16:12:13.874598,14850,32.36
2026-02-03T16:12:14.794670,14880,32.36
2026-02-03T16:12:15.727529,14910,32.36
2026-02-03T16:12:16.650267,14940,32.36
2026-02-03T16:12:17.577919,14970,32.36
2026-02-03T16:12:18.504487,15000,32.36
2026-02-03T16:12:19.429252,15030,32.36
2026-02-03T16:12:20.357294,15060,32.36
2026-02-03T16:12:21.284632,15090,32.36
2026-02-03T16:12:22.207198,15120,32.36
2026-02-03T16:12:23.134727,15150,32.36
2026-02-03T16:12:24.057483,15180,32.36
2026-02-03T16:12:24.981177,15210,32.36
2026-02-03T16:12:25.908849,15240,32.36
2026-02-03T16:12:26.834296,15270,32.36
2026-02-03T16:12:27.760737,15300,32.36
2026-02-03T16:12:28.691724,15330,32.36
2026-02-03T16:12:29.610923,15360,32.36
2026-02-03T16:12:30.537185,15390,32.36
2026-02-03T16:12:31.461428,15420,32.36
2026-02-03T16:12:32.392351,15450,32.36
2026-02-03T16:12:33.319570,15480,32.36
2026-02-03T16:12:34.244880,15510,32.36
2026-02-03T16:12:35.169688,15540,32.36
2026-02-03T16:12:36.094492,15570,32.36
2026-02-03T16:12:37.021650,15600,32.36
2026-02-03T16:12:37.945023,15630,32.36
2026-02-03T16:12:38.871684,15660,32.36
2026-02-03T16:12:39.794473,15690,32.36
2026-02-03T16:12:40.740515,15720,32.36
2026-02-03T16:12:41.654037,15750,32.36
2026-02-03T16:12:42.576171,15780,32.36
2026-02-03T16:12:43.502458,15810,32.36
2026-02-03T16:12:44.431553,15840,32.36
2026-02-03T16:12:45.349062,15870,32.36
2026-02-03T16:12:46.282117,15900,32.36
2026-02-03T16:12:47.204167,15930,32.36
2026-02-03T16:12:48.130912,15960,32.36
2026-02-03T16:12:49.054734,15990,32.36
2026-02-03T16:12:49.979845,16020,32.36
2026-02-03T16:12:50.907883,16050,32.36
2026-02-03T16:12:51.830718,16080,32.36
2026-02-03T16:12:52.757131,16110,32.36
2026-02-03T16:12:53.681597,16140,32.36
2026-02-03T16:12:54.608758,16170,32.36
2026-02-03T16:12:55.535042,16200,32.36
2026-02-03T16:12:56.460411,16230,32.36
2026-02-03T16:12:57.386556,16260,32.36
2026-02-03T16:12:58.321682,16290,32.36
2026-02-03T16:12:59.239769,16320,32.36
2026-02-03T16:13:00.161197,16350,32.36
2026-02-03T16:13:01.087175,16380,32.36
2026-02-03T16:13:02.012959,16410,32.36
2026-02-03T16:13:02.944300,16440,32.36
2026-02-03T16:13:03.862915,16470,32.36
2026-02-03T16:13:04.797058,16500,32.36
2026-02-03T16:13:05.719138,16530,32.36
2026-02-03T16:13:06.649136,16560,32.36
2026-02-03T16:13:07.570345,16590,32.36
2026-02-03T16:13:08.493908,16620,32.36
2026-02-03T16:13:09.418545,16650,32.36
2026-02-03T16:13:10.345736,16680,32.36
2026-02-03T16:13:11.274067,16710,32.36
2026-02-03T16:13:12.203055,16740,32.36
2026-02-03T16:13:13.126406,16770,32.36
2026-02-03T16:13:14.052479,16800,32.36
2026-02-03T16:13:14.976912,16830,32.36
2026-02-03T16:13:15.900947,16860,32.36
2026-02-03T16:13:16.832480,16890,32.36
2026-02-03T16:13:17.753475,16920,32.36
2026-02-03T16:13:18.687532,16950,32.36
2026-02-03T16:13:19.600078,16980,32.36
2026-02-03T16:13:20.529126,17010,32.36
2026-02-03T16:13:21.457897,17040,32.36
2026-02-03T16:13:22.383186,17070,32.36
2026-02-03T16:13:23.332734,17100,32.36
2026-02-03T16:13:24.237366,17130,32.36
2026-02-03T16:13:25.160657,17160,32.36
2026-02-03T16:13:26.086119,17190,32.36
2026-02-03T16:13:27.017471,17220,32.36
2026-02-03T16:13:27.937001,17250,32.36
2026-02-03T16:13:28.868338,17280,32.36
2026-02-03T16:13:29.787504,17310,32.36
2026-02-03T16:13:30.713989,17340,32.36
2026-02-03T16:13:31.640487,17370,32.36
2026-02-03T16:13:32.571641,17400,32.36
2026-02-03T16:13:33.491692,17430,32.36
2026-02-03T16:13:34.412611,17460,32.36
2026-02-03T16:13:35.343356,17490,32.36
2026-02-03T16:13:36.268836,17520,32.36
2026-02-03T16:13:37.192977,17550,32.36
2026-02-03T16:13:38.117767,17580,32.36
2026-02-03T16:13:39.057009,17610,32.36
2026-02-03T16:13:39.965618,17640,32.36
2026-02-03T16:13:40.894078,17670,32.36
2026-02-03T16:13:41.820866,17700,32.36
2026-02-03T16:13:42.744910,17730,32.36
2026-02-03T16:13:43.674033,17760,32.36
2026-02-03T16:13:44.598592,17790,32.36
2026-02-03T16:13:45.526809,17820,32.36
2026-02-03T16:13:46.452720,17850,32.36
2026-02-03T16:13:47.376828,17880,32.36
2026-02-03T16:13:48.303538,17910,32.36
2026-02-03T16:13:49.235231,17940,32.36
2026-02-03T16:13:50.156222,17970,32.36
2026-02-03T16:13:51.081023,18000,32.36
2026-02-03T16:13:52.006442,18030,32.36
2026-02-03T16:13:52.941209,18060,32.36
2026-02-03T16:13:53.858830,18090,32.36
2026-02-03T16:13:54.778390,18120,32.36
2026-02-03T16:13:55.709872,18150,32.36
2026-02-03T16:13:56.629813,18180,32.37
2026-02-03T16:13:57.561759,18210,32.36
2026-02-03T16:13:58.487705,18240,32.36
2026-02-03T16:13:59.410155,18270,32.37
2026-02-03T16:14:00.333530,18300,32.37
2026-02-03T16:14:01.270960,18330,32.36
2026-02-03T16:14:02.187288,18360,32.37
2026-02-03T16:14:03.112613,18390,32.37
2026-02-03T16:14:04.039902,18420,32.37
2026-02-03T16:14:04.965526,18450,32.37
2026-02-03T16:14:05.901063,18480,32.36
2026-02-03T16:14:06.818118,18510,32.37
2026-02-03T16:14:07.743284,18540,32.37
2026-02-03T16:14:08.667745,18570,32.37
2026-02-03T16:14:09.593569,18600,32.37
2026-02-03T16:14:10.520895,18630,32.37
2026-02-03T16:14:11.447091,18660,32.37
2026-02-03T16:14:12.373981,18690,32.37
2026-02-03T16:14:13.300020,18720,32.37
2026-02-03T16:14:14.231403,18750,32.37
2026-02-03T16:14:15.148591,18780,32.37
2026-02-03T16:14:16.077490,18810,32.37
2026-02-03T16:14:16.999391,18840,32.37
2026-02-03T16:14:17.927355,18870,32.37
2026-02-03T16:14:18.850855,18900,32.37
2026-02-03T16:14:19.776873,18930,32.37
2026-02-03T16:14:20.699841,18960,32.37
2026-02-03T16:14:21.629315,18990,32.37
2026-02-03T16:14:22.556021,19020,32.37
2026-02-03T16:14:23.483087,19050,32.37
2026-02-03T16:14:24.408475,19080,32.37
2026-02-03T16:14:25.335167,19110,32.37
2026-02-03T16:14:26.262031,19140,32.37
2026-02-03T16:14:27.184506,19170,32.37
2026-02-03T16:14:28.109054,19200,32.37
2026-02-03T16:14:29.031766,19230,32.37
2026-02-03T16:14:29.959978,19260,32.37
2026-02-03T16:14:30.887348,19290,32.37
2026-02-03T16:14:31.813069,19320,32.37
2026-02-03T16:14:32.739982,19350,32.37
2026-02-03T16:14:33.661810,19380,32.37
2026-02-03T16:14:34.594150,19410,32.37
2026-02-03T16:14:35.516745,19440,32.37
2026-02-03T16:14:36.443334,19470,32.37
2026-02-03T16:14:37.370481,19500,32.37
2026-02-03T16:14:38.295964,19530,32.37
2026-02-03T16:14:39.220932,19560,32.37
2026-02-03T16:14:40.161469,19590,32.37
2026-02-03T16:14:41.070651,19620,32.37
2026-02-03T16:14:41.997338,19650,32.37
2026-02-03T16:14:42.921005,19680,32.37
2026-02-03T16:14:43.844593,19710,32.37
2026-02-03T16:14:44.776131,19740,32.37
2026-02-03T16:14:45.694756,19770,32.37
2026-02-03T16:14:46.625643,19800,32.37
2026-02-03T16:14:47.547441,19830,32.37
2026-02-03T16:14:48.479545,19860,32.37
2026-02-03T16:14:49.399346,19890,32.37
2026-02-03T16:14:50.329599,19920,32.37
2026-02-03T16:14:51.258540,19950,32.37
2026-02-03T16:14:52.177735,19980,32.37
2026-02-03T16:14:53.103988,20010,32.37
2026-02-03T16:14:54.033752,20040,32.37
2026-02-03T16:14:54.958188,20070,32.37
2026-02-03T16:14:55.878954,20100,32.37
2026-02-03T16:14:56.809758,20130,32.37
2026-02-03T16:14:57.737091,20160,32.37
2026-02-03T16:14:58.669475,20190,32.37
2026-02-03T16:14:59.584724,20220,32.37
2026-02-03T16:15:00.510499,20250,32.37
2026-02-03T16:15:01.439006,20280,32.37
2026-02-03T16:15:02.362499,20310,32.37
2026-02-03T16:15:03.284826,20340,32.37
2026-02-03T16:15:04.211898,20370,32.37
2026-02-03T16:15:05.161913,20400,32.37
2026-02-03T16:15:06.062932,20430,32.37
2026-02-03T16:15:06.991466,20460,32.37
2026-02-03T16:15:07.916322,20490,32.37
2026-02-03T16:15:08.842061,20520,32.37
2026-02-03T16:15:09.765932,20550,32.37
2026-02-03T16:15:10.692668,20580,32.37
2026-02-03T16:15:11.617772,20610,32.37
2026-02-03T16:15:12.544505,20640,32.37
2026-02-03T16:15:13.470978,20670,32.37
2026-02-03T16:15:14.395414,20700,32.37
2026-02-03T16:15:15.322822,20730,32.37
2026-02-03T16:15:16.252920,20760,32.37
2026-02-03T16:15:17.175392,20790,32.37
2026-02-03T16:15:18.101961,20820,32.37
2026-02-03T16:15:19.040251,20850,32.37
2026-02-03T16:15:19.946715,20880,32.37
2026-02-03T16:15:20.879703,20910,32.37
2026-02-03T16:15:21.803124,20940,32.37
2026-02-03T16:15:22.735825,20970,32.37
2026-02-03T16:15:23.658678,21000,32.37
2026-02-03T16:15:24.584919,21030,32.37
2026-02-03T16:15:25.507438,21060,32.37
2026-02-03T16:15:26.452316,21090,32.37
2026-02-03T16:15:27.362820,21120,32.37
2026-02-03T16:15:28.280741,21150,32.37
2026-02-03T16:15:29.210462,21180,32.37
2026-02-03T16:15:30.134076,21210,32.37
2026-02-03T16:15:31.061979,21240,32.37
2026-02-03T16:15:31.983619,21270,32.37
2026-02-03T16:15:32.915811,21300,32.37
2026-02-03T16:15:33.839340,21330,32.37
2026-02-03T16:15:34.765233,21360,32.37
2026-02-03T16:15:35.693151,21390,32.37
2026-02-03T16:15:36.614593,21420,32.37
2026-02-03T16:15:37.541339,21450,32.37
2026-02-03T16:15:38.462387,21480,32.37
2026-02-03T16:15:39.411941,21510,32.37
2026-02-03T16:15:40.319708,21540,32.37
2026-02-03T16:15:41.248961,21570,32.37
2026-02-03T16:15:42.170992,21600,32.37
2026-02-03T16:15:43.096093,21630,32.37
2026-02-03T16:15:44.019988,21660,32.37
2026-02-03T16:15:44.944917,21690,32.37
2026-02-03T16:15:45.873676,21720,32.37
2026-02-03T16:15:46.798566,21750,32.37
2026-02-03T16:15:47.737293,21780,32.37
2026-02-03T16:15:48.650630,21810,32.37
2026-02-03T16:15:49.577832,21840,32.37
2026-02-03T16:15:50.502114,21870,32.37
2026-02-03T16:15:51.429508,21900,32.37
2026-02-03T16:15:52.351216,21930,32.37
2026-02-03T16:15:53.283719,21960,32.37
2026-02-03T16:15:54.205506,21990,32.37
2026-02-03T16:15:55.131468,22020,32.37
2026-02-03T16:15:56.065663,22050,32.37
2026-02-03T16:15:56.978785,22080,32.37
2026-02-03T16:15:57.908109,22110,32.37
2026-02-03T16:15:58.831007,22140,32.37
2026-02-03T16:15:59.758770,22170,32.37
2026-02-03T16:16:00.679109,22200,32.37
2026-02-03T16:16:01.611446,22230,32.37
2026-02-03T16:16:02.537849,22260,32.37
2026-02-03T16:16:03.468563,22290,32.37
2026-02-03T16:16:04.386465,22320,32.37
2026-02-03T16:16:05.313794,22350,32.37
2026-02-03T16:16:06.244998,22380,32.37
2026-02-03T16:16:07.162045,22410,32.37
2026-02-03T16:16:08.091296,22440,32.37
2026-02-03T16:16:09.028868,22470,32.37
2026-02-03T16:16:09.942481,22500,32.37
2026-02-03T16:16:10.867221,22530,32.37
2026-02-03T16:16:11.794113,22560,32.37
2026-02-03T16:16:12.721585,22590,32.37
2026-02-03T16:16:13.647741,22620,32.37
2026-02-03T16:16:14.570127,22650,32.37
2026-02-03T16:16:15.494988,22680,32.37
2026-02-03T16:16:16.425004,22710,32.37
2026-02-03T16:16:17.347505,22740,32.37
2026-02-03T16:16:18.274177,22770,32.37
2026-02-03T16:16:19.196607,22800,32.37
2026-02-03T16:16:20.125014,22830,32.37
2026-02-03T16:16:21.046478,22860,32.37
2026-02-03T16:16:21.985679,22890,32.37
2026-02-03T16:16:22.899886,22920,32.37
2026-02-03T16:16:23.830696,22950,32.37
2026-02-03T16:16:24.750935,22980,32.37
2026-02-03T16:16:25.678274,23010,32.37
2026-02-03T16:16:26.609262,23040,32.37
2026-02-03T16:16:27.531216,23070,32.37
2026-02-03T16:16:28.457901,23100,32.37
2026-02-03T16:16:29.380165,23130,32.37
2026-02-03T16:16:30.322565,23160,32.37
2026-02-03T16:16:31.238454,23190,32.37
2026-02-03T16:16:32.161362,23220,32.37
2026-02-03T16:16:33.084978,23250,32.37
2026-02-03T16:16:34.010352,23280,32.37
2026-02-03T16:16:34.937619,23310,32.37
2026-02-03T16:16:35.863593,23340,32.37
2026-02-03T16:16:36.789409,23370,32.37
2026-02-03T16:16:37.711911,23400,32.37
2026-02-03T16:16:38.646685,23430,32.37
2026-02-03T16:16:39.563425,23460,32.37
2026-02-03T16:16:40.491062,23490,32.37
2026-02-03T16:16:41.413514,23520,32.37
2026-02-03T16:16:42.343791,23550,32.37
2026-02-03T16:16:43.262605,23580,32.37
2026-02-03T16:16:44.193010,23610,32.37
2026-02-03T16:16:45.118188,23640,32.37
2026-02-03T16:16:46.048303,23670,32.37
2026-02-03T16:16:46.968930,23700,32.37
2026-02-03T16:16:47.898169,23730,32.37
2026-02-03T16:16:48.826551,23760,32.37
2026-02-03T16:16:49.745163,23790,32.37
2026-02-03T16:16:50.688341,23820,32.37
2026-02-03T16:16:51.602022,23850,32.37
2026-02-03T16:16:52.533285,23880,32.37
2026-02-03T16:16:53.451809,23910,32.37
2026-02-03T16:16:54.376855,23940,32.37
2026-02-03T16:16:55.305896,23970,32.37
2026-02-03T16:16:56.229865,24000,32.37
2026-02-03T16:16:57.153569,24030,32.37
2026-02-03T16:16:58.077541,24060,32.38
2026-02-03T16:16:59.007662,24090,32.37
2026-02-03T16:16:59.928301,24120,32.38
2026-02-03T16:17:00.860221,24150,32.37
2026-02-03T16:17:01.786426,24180,32.37
2026-02-03T16:17:02.708659,24210,32.38
2026-02-03T16:17:03.642893,24240,32.37
2026-02-03T16:17:04.558118,24270,32.38
2026-02-03T16:17:05.483496,24300,32.38
2026-02-03T16:17:06.409441,24330,32.38
2026-02-03T16:17:07.339727,24360,32.38
2026-02-03T16:17:08.260755,24390,32.38
2026-02-03T16:17:09.188723,24420,32.38
2026-02-03T16:17:10.115781,24450,32.38
2026-02-03T16:17:11.047166,24480,32.38
2026-02-03T16:17:11.966807,24510,32.38
2026-02-03T16:17:12.893576,24540,32.38
2026-02-03T16:17:13.819845,24570,32.38
2026-02-03T16:17:14.752311,24600,32.38
2026-02-03T16:17:15.670445,24630,32.38
2026-02-03T16:17:16.594435,24660,32.38
2026-02-03T16:17:17.525657,24690,32.38
2026-02-03T16:17:18.446301,24720,32.38
2026-02-03T16:17:19.372847,24750,32.38
2026-02-03T16:17:20.297860,24780,32.38
2026-02-03T16:17:21.234357,24810,32.38
2026-02-03T16:17:22.146495,24840,32.38
2026-02-03T16:17:23.075470,24870,32.38
2026-02-03T16:17:23.998833,24900,32.38
2026-02-03T16:17:24.927277,24930,32.38
2026-02-03T16:17:25.850716,24960,32.38
2026-02-03T16:17:26.776469,24990,32.38
2026-02-03T16:17:27.700689,25020,32.38
2026-02-03T16:17:28.629880,25050,32.38
2026-02-03T16:17:29.555089,25080,32.38
2026-02-03T16:17:30.479250,25110,32.38
2026-02-03T16:17:31.416691,25140,32.38
2026-02-03T16:17:32.334556,25170,32.38
2026-02-03T16:17:33.258431,25200,32.38
2026-02-03T16:17:34.186355,25230,32.38
2026-02-03T16:17:35.110121,25260,32.38
2026-02-03T16:17:36.039300,25290,32.38
2026-02-03T16:17:36.967867,25320,32.38
2026-02-03T16:17:37.890769,25350,32.38
2026-02-03T16:17:38.813822,25380,32.38
2026-02-03T16:17:39.741618,25410,32.38
2026-02-03T16:17:40.668081,25440,32.38
2026-02-03T16:17:41.600961,25470,32.38
2026-02-03T16:17:42.511732,25500,32.38
2026-02-03T16:17:43.448632,25530,32.38
2026-02-03T16:17:44.368007,25560,32.38
2026-02-03T16:17:45.296571,25590,32.38
2026-02-03T16:17:46.229605,25620,32.38
2026-02-03T16:17:47.141291,25650,32.38
2026-02-03T16:17:48.069778,25680,32.38
2026-02-03T16:17:48.992720,25710,32.38
2026-02-03T16:17:49.925541,25740,32.38
2026-02-03T16:17:50.846412,25770,32.38
2026-02-03T16:17:51.772953,25800,32.38
2026-02-03T16:17:52.696416,25830,32.38
2026-02-03T16:17:53.622768,25860,32.38
2026-02-03T16:17:54.549916,25890,32.38
2026-02-03T16:17:55.474972,25920,32.38
2026-02-03T16:17:56.402112,25950,32.38
2026-02-03T16:17:57.330912,25980,32.38
2026-02-03T16:17:58.251635,26010,32.38
2026-02-03T16:17:59.175880,26040,32.38
2026-02-03T16:18:00.105863,26070,32.38
2026-02-03T16:18:01.032759,26100,32.38
2026-02-03T16:18:01.964306,26130,32.38
2026-02-03T16:18:02.882105,26160,32.38
2026-02-03T16:18:03.809797,26190,32.38
2026-02-03T16:18:04.730641,26220,32.38
2026-02-03T16:18:05.657514,26250,32.38
2026-02-03T16:18:06.582452,26280,32.38
2026-02-03T16:18:07.515353,26310,32.38
2026-02-03T16:18:08.435007,26340,32.38
2026-02-03T16:18:09.367318,26370,32.38
2026-02-03T16:18:10.300183,26400,32.38
2026-02-03T16:18:11.218743,26430,32.38
2026-02-03T16:18:12.138867,26460,32.38
2026-02-03T16:18:13.060147,26490,32.38
2026-02-03T16:18:13.989533,26520,32.38
2026-02-03T16:18:14.914270,26550,32.38
2026-02-03T16:18:15.840026,26580,32.38
2026-02-03T16:18:16.766872,26610,32.38
2026-02-03T16:18:17.691466,26640,32.38
2026-02-03T16:18:18.620734,26670,32.38
2026-02-03T16:18:19.542319,26700,32.38
2026-02-03T16:18:20.472351,26730,32.38
2026-02-03T16:18:21.393277,26760,32.38
2026-02-03T16:18:22.326287,26790,32.38
2026-02-03T16:18:23.249097,26820,32.38
2026-02-03T16:18:24.176179,26850,32.38
2026-02-03T16:18:25.095721,26880,32.38
2026-02-03T16:18:26.023843,26910,32.38
2026-02-03T16:18:26.948592,26940,32.38
2026-02-03T16:18:27.875621,26970,32.38
2026-02-03T16:18:28.800574,27000,32.38
2026-02-03T16:18:29.732108,27030,32.38
2026-02-03T16:18:30.655408,27060,32.38
2026-02-03T16:18:31.576708,27090,32.38
2026-02-03T16:18:32.505679,27120,32.38
2026-02-03T16:18:33.428210,27150,32.38
2026-02-03T16:18:34.363249,27180,32.38
2026-02-03T16:18:35.280871,27210,32.38
2026-02-03T16:18:36.214009,27240,32.38
2026-02-03T16:18:37.129954,27270,32.38
2026-02-03T16:18:38.056745,27300,32.38
2026-02-03T16:18:38.985862,27330,32.38
2026-02-03T16:18:39.906903,27360,32.38
2026-02-03T16:18:40.839325,27390,32.38
2026-02-03T16:18:41.758640,27420,32.38
2026-02-03T16:18:42.689221,27450,32.38
2026-02-03T16:18:43.609359,27480,32.38
2026-02-03T16:18:44.547888,27510,32.38
2026-02-03T16:18:45.463540,27540,32.38
2026-02-03T16:18:46.391630,27570,32.38
2026-02-03T16:18:47.317324,27600,32.38
2026-02-03T16:18:48.240014,27630,32.38
2026-02-03T16:18:49.171129,27660,32.38
2026-02-03T16:18:50.097509,27690,32.38
2026-02-03T16:18:51.022233,27720,32.38
2026-02-03T16:18:51.948498,27750,32.38
2026-02-03T16:18:52.876031,27780,32.38
2026-02-03T16:18:53.796919,27810,32.38
2026-02-03T16:18:54.721284,27840,32.38
2026-02-03T16:18:55.644493,27870,32.38
2026-02-03T16:18:56.573377,27900,32.38
2026-02-03T16:18:57.495469,27930,32.38
2026-02-03T16:18:58.421892,27960,32.38
2026-02-03T16:18:59.349971,27990,32.38
2026-02-03T16:19:00.274315,28020,32.38
2026-02-03T16:19:01.207488,28050,32.38
2026-02-03T16:19:02.125908,28080,32.38
2026-02-03T16:19:03.054484,28110,32.38
2026-02-03T16:19:03.974896,28140,32.38
2026-02-03T16:19:04.906227,28170,32.38
2026-02-03T16:19:05.829931,28200,32.38
2026-02-03T16:19:06.761246,28230,32.38
2026-02-03T16:19:07.682309,28260,32.38
2026-02-03T16:19:08.606786,28290,32.38
2026-02-03T16:19:09.537193,28320,32.38
2026-02-03T16:19:10.460459,28350,32.38
2026-02-03T16:19:11.387237,28380,32.38
2026-02-03T16:19:12.313245,28410,32.38
2026-02-03T16:19:13.237744,28440,32.38
2026-02-03T16:19:14.164345,28470,32.38
2026-02-03T16:19:15.098693,28500,32.38
2026-02-03T16:19:16.015127,28530,32.38
2026-02-03T16:19:16.938092,28560,32.38
2026-02-03T16:19:17.896219,28590,32.38
2026-02-03T16:19:18.793207,28620,32.38
2026-02-03T16:19:19.719131,28650,32.38
2026-02-03T16:19:20.644282,28680,32.38
2026-02-03T16:19:21.569664,28710,32.38
2026-02-03T16:19:22.495838,28740,32.38
2026-02-03T16:19:23.421876,28770,32.38
2026-02-03T16:19:24.350124,28800,32.38
2026-02-03T16:19:25.272392,28830,32.38
2026-02-03T16:19:26.192338,28860,32.38
2026-02-03T16:19:27.123360,28890,32.38
2026-02-03T16:19:28.043463,28920,32.38
2026-02-03T16:19:28.972313,28950,32.38
2026-02-03T16:19:29.910028,28980,32.38
2026-02-03T16:19:30.827835,29010,32.38
2026-02-03T16:19:31.757824,29040,32.38
2026-02-03T16:19:32.679745,29070,32.38
2026-02-03T16:19:33.603429,29100,32.38
2026-02-03T16:19:34.525939,29130,32.38
2026-02-03T16:19:35.454542,29160,32.38
2026-02-03T16:19:36.379964,29190,32.38
2026-02-03T16:19:37.313483,29220,32.38
2026-02-03T16:19:38.231096,29250,32.38
2026-02-03T16:19:39.156538,29280,32.38
2026-02-03T16:19:40.083635,29310,32.38
2026-02-03T16:19:41.008151,29340,32.38
2026-02-03T16:19:41.936130,29370,32.38
2026-02-03T16:19:42.862351,29400,32.38
2026-02-03T16:19:43.786540,29430,32.38
2026-02-03T16:19:44.707618,29460,32.38
2026-02-03T16:19:45.637614,29490,32.38
2026-02-03T16:19:46.576428,29520,32.38
2026-02-03T16:19:47.491836,29550,32.38
2026-02-03T16:19:48.416877,29580,32.38
2026-02-03T16:19:49.349516,29610,32.38
2026-02-03T16:19:50.267923,29640,32.38
2026-02-03T16:19:51.195784,29670,32.38
2026-02-03T16:19:52.120782,29700,32.38
2026-02-03T16:19:53.043459,29730,32.38
2026-02-03T16:19:53.970834,29760,32.38
2026-02-03T16:19:54.899894,29790,32.38
2026-02-03T16:19:55.820405,29820,32.38
2026-02-03T16:19:56.749822,29850,32.38
2026-02-03T16:19:57.671929,29880,32.38
2026-02-03T16:19:58.597638,29910,32.38
2026-02-03T16:19:59.529575,29940,32.38
2026-02-03T16:20:00.449900,29970,32.38
2026-02-03T16:20:01.372955,30000,32.38
2026-02-03T16:20:02.302067,30030,32.38
2026-02-03T16:20:03.228650,30060,32.38
2026-02-03T16:20:04.153690,30090,32.38
2026-02-03T16:20:05.073433,30120,32.38
2026-02-03T16:20:06.003303,30150,32.38
2026-02-03T16:20:06.929912,30180,32.38
2026-02-03T16:20:07.853436,30210,32.38
2026-02-03T16:20:08.780099,30240,32.38
2026-02-03T16:20:09.704088,30270,32.38
2026-02-03T16:20:10.628973,30300,32.38
2026-02-03T16:20:11.554996,30330,32.38
2026-02-03T16:20:12.484119,30360,32.38
2026-02-03T16:20:13.413324,30390,32.38
2026-02-03T16:20:14.339645,30420,32.38
2026-02-03T16:20:15.263057,30450,32.38
2026-02-03T16:20:16.198985,30480,32.38
2026-02-03T16:20:17.113146,30510,32.38
2026-02-03T16:20:18.037808,30540,32.38
2026-02-03T16:20:18.963753,30570,32.38
2026-02-03T16:20:19.904904,30600,32.38
2026-02-03T16:20:20.815205,30630,32.38
2026-02-03T16:20:21.740803,30660,32.38
2026-02-03T16:20:22.669456,30690,32.38
2026-02-03T16:20:23.589710,30720,32.38
2026-02-03T16:20:24.520519,30750,32.38
2026-02-03T16:20:25.440311,30780,32.38
2026-02-03T16:20:26.370701,30810,32.38
2026-02-03T16:20:27.299034,30840,32.38
2026-02-03T16:20:28.233280,30870,32.38
2026-02-03T16:20:29.147253,30900,32.38
2026-02-03T16:20:30.071568,30930,32.38
2026-02-03T16:20:31.000578,30960,32.38
2026-02-03T16:20:31.922614,30990,32.38
2026-02-03T16:20:32.849432,31020,32.38
2026-02-03T16:20:33.778126,31050,32.38
2026-02-03T16:20:34.712551,31080,32.38
2026-02-03T16:20:35.626773,31110,32.38
2026-02-03T16:20:36.559736,31140,32.38
2026-02-03T16:20:37.480392,31170,32.38
2026-02-03T16:20:38.406057,31200,32.38
2026-02-03T16:20:39.332142,31230,32.38
2026-02-03T16:20:40.257010,31260,32.38
2026-02-03T16:20:41.183290,31290,32.38
2026-02-03T16:20:42.105842,31320,32.38
2026-02-03T16:20:43.032520,31350,32.38
2026-02-03T16:20:43.954694,31380,32.38
2026-02-03T16:20:44.887819,31410,32.38
2026-02-03T16:20:45.808464,31440,32.38
2026-02-03T16:20:46.736076,31470,32.38
2026-02-03T16:20:47.658741,31500,32.38
2026-02-03T16:20:48.586657,31530,32.38
2026-02-03T16:20:49.520308,31560,32.38
2026-02-03T16:20:50.445861,31590,32.38
2026-02-03T16:20:51.364797,31620,32.38
2026-02-03T16:20:52.295529,31650,32.38
2026-02-03T16:20:53.216263,31680,32.38
2026-02-03T16:20:54.143852,31710,32.38
2026-02-03T16:20:55.070760,31740,32.38
2026-02-03T16:20:55.994124,31770,32.38
2026-02-03T16:20:56.919932,31800,32.38
2026-02-03T16:20:57.865274,31830,32.38
2026-02-03T16:20:58.768938,31860,32.38
2026-02-03T16:20:59.694694,31890,32.38
2026-02-03T16:21:00.621880,31920,32.38
2026-02-03T16:21:01.546601,31950,32.38
2026-02-03T16:21:02.472196,31980,32.38
2026-02-03T16:21:03.400422,32010,32.38
2026-02-03T16:21:04.326017,32040,32.38
2026-02-03T16:21:05.251675,32070,32.38
2026-02-03T16:21:06.172176,32100,32.38
2026-02-03T16:21:07.102461,32130,32.38
2026-02-03T16:21:08.030298,32160,32.38
2026-02-03T16:21:08.954780,32190,32.38
2026-02-03T16:21:09.875693,32220,32.38
2026-02-03T16:21:10.802433,32250,32.38
2026-02-03T16:21:11.728003,32280,32.38
2026-02-03T16:21:12.653605,32310,32.38
2026-02-03T16:21:13.581315,32340,32.38
2026-02-03T16:21:14.507719,32370,32.38
2026-02-03T16:21:15.434328,32400,32.38
2026-02-03T16:21:16.356559,32430,32.38
2026-02-03T16:21:17.284512,32460,32.38
2026-02-03T16:21:18.208440,32490,32.38
2026-02-03T16:21:19.135969,32520,32.38
2026-02-03T16:21:20.060165,32550,32.38
2026-02-03T16:21:20.991900,32580,32.38
2026-02-03T16:21:21.913085,32610,32.38
2026-02-03T16:21:22.838824,32640,32.38
2026-02-03T16:21:23.766846,32670,32.38
2026-02-03T16:21:24.689217,32700,32.38
2026-02-03T16:21:25.617892,32730,32.38
2026-02-03T16:21:26.539062,32760,32.38
2026-02-03T16:21:27.475578,32790,32.38
2026-02-03T16:21:28.393959,32820,32.38
2026-02-03T16:21:29.327713,32850,32.38
2026-02-03T16:21:30.244114,32880,32.38
2026-02-03T16:21:31.191766,32910,32.38
2026-02-03T16:21:32.098797,32940,32.38
2026-02-03T16:21:33.024691,32970,32.38
2026-02-03T16:21:33.947973,33000,32.38
2026-02-03T16:21:34.873127,33030,32.38
2026-02-03T16:21:35.800001,33060,32.38
2026-02-03T16:21:36.722326,33090,32.38
2026-02-03T16:21:37.649981,33120,32.38
2026-02-03T16:21:38.571513,33150,32.38
2026-02-03T16:21:39.500229,33180,32.38
2026-02-03T16:21:40.426860,33210,32.38
2026-02-03T16:21:41.353410,33240,32.38
2026-02-03T16:21:42.285564,33270,32.38
2026-02-03T16:21:43.203374,33300,32.38
2026-02-03T16:21:44.128451,33330,32.38
2026-02-03T16:21:45.054127,33360,32.38
2026-02-03T16:21:45.984401,33390,32.38
2026-02-03T16:21:46.905462,33420,32.38
2026-02-03T16:21:47.850885,33450,32.38
2026-02-03T16:21:48.761843,33480,32.38
2026-02-03T16:21:49.686017,33510,32.38
2026-02-03T16:21:50.608838,33540,32.38
2026-02-03T16:21:51.537412,33570,32.38
2026-02-03T16:21:52.463056,33600,32.38
2026-02-03T16:21:53.393288,33630,32.38
2026-02-03T16:21:54.315454,33660,32.38
2026-02-03T16:21:55.239166,33690,32.38
2026-02-03T16:21:56.167551,33720,32.38
2026-02-03T16:21:57.088785,33750,32.38
2026-02-03T16:21:58.018151,33780,32.38
2026-02-03T16:21:58.945708,33810,32.38
2026-02-03T16:21:59.868544,33840,32.38
2026-02-03T16:22:00.793884,33870,32.38
2026-02-03T16:22:01.719459,33900,32.38
2026-02-03T16:22:02.644907,33930,32.38
2026-02-03T16:22:03.576628,33960,32.38
2026-02-03T16:22:04.496201,33990,32.38
2026-02-03T16:22:05.419580,34020,32.38
2026-02-03T16:22:06.349449,34050,32.38
2026-02-03T16:22:07.280635,34080,32.38
2026-02-03T16:22:08.200874,34110,32.38
2026-02-03T16:22:09.125172,34140,32.38
2026-02-03T16:22:10.050223,34170,32.38
2026-02-03T16:22:10.978989,34200,32.38
2026-02-03T16:22:11.902124,34230,32.38
2026-02-03T16:22:12.830211,34260,32.38
2026-02-03T16:22:13.754005,34290,32.38
2026-02-03T16:22:14.677807,34320,32.38
2026-02-03T16:22:15.605877,34350,32.38
2026-02-03T16:22:16.533981,34380,32.38
2026-02-03T16:22:17.456034,34410,32.38
2026-02-03T16:22:18.384625,34440,32.38
2026-02-03T16:22:19.307815,34470,32.38
2026-02-03T16:22:20.232382,34500,32.38
2026-02-03T16:22:21.156324,34530,32.38
2026-02-03T16:22:22.085871,34560,32.38
2026-02-03T16:22:23.009582,34590,32.38
2026-02-03T16:22:23.935926,34620,32.38
2026-02-03T16:22:24.862951,34650,32.38
2026-02-03T16:22:25.786807,34680,32.38
2026-02-03T16:22:26.714166,34710,32.38
2026-02-03T16:22:27.636020,34740,32.38
2026-02-03T16:22:28.565711,34770,32.38
2026-02-03T16:22:29.486105,34800,32.38
2026-02-03T16:22:30.419100,34830,32.38
2026-02-03T16:22:31.342392,34860,32.38
2026-02-03T16:22:32.277528,34890,32.38
2026-02-03T16:22:33.193321,34920,32.38
2026-02-03T16:22:34.119661,34950,32.38
2026-02-03T16:22:35.045066,34980,32.38
2026-02-03T16:22:35.968471,35010,32.39
2026-02-03T16:22:36.910382,35040,32.38
2026-02-03T16:22:37.822551,35070,32.38
2026-02-03T16:22:38.751876,35100,32.38
2026-02-03T16:22:39.677944,35130,32.38
2026-02-03T16:22:40.602700,35160,32.38
2026-02-03T16:22:41.534462,35190,32.38
2026-02-03T16:22:42.452905,35220,32.39
2026-02-03T16:22:43.376827,35250,32.39
2026-02-03T16:22:44.309093,35280,32.38
2026-02-03T16:22:45.232008,35310,32.39
2026-02-03T16:22:46.170037,35340,32.38
2026-02-03T16:22:47.081628,35370,32.39
2026-02-03T16:22:48.004707,35400,32.39
2026-02-03T16:22:48.932014,35430,32.39
2026-02-03T16:22:49.852738,35460,32.39
2026-02-03T16:22:50.786131,35490,32.39
2026-02-03T16:22:51.704726,35520,32.39
2026-02-03T16:22:52.634819,35550,32.39
2026-02-03T16:22:53.559847,35580,32.39
2026-02-03T16:22:54.487161,35610,32.39
2026-02-03T16:22:55.416785,35640,32.39
2026-02-03T16:22:56.340631,35670,32.39
2026-02-03T16:22:57.267693,35700,32.39
2026-02-03T16:22:58.190329,35730,32.39
2026-02-03T16:22:59.114918,35760,32.39
2026-02-03T16:23:00.037723,35790,32.39
2026-02-03T16:23:00.964327,35820,32.39
2026-02-03T16:23:01.890208,35850,32.39
2026-02-03T16:23:02.815421,35880,32.39
2026-02-03T16:23:03.742297,35910,32.39
2026-02-03T16:23:04.665163,35940,32.39
2026-02-03T16:23:05.597098,35970,32.39
2026-02-03T16:23:06.524082,36000,32.39
2026-02-03T16:23:07.450711,36030,32.39
2026-02-03T16:23:08.367566,36060,32.39
2026-02-03T16:23:09.302680,36090,32.39
2026-02-03T16:23:10.224603,36120,32.39
2026-02-03T16:23:11.149281,36150,32.39
2026-02-03T16:23:12.072653,36180,32.39
2026-02-03T16:23:12.998836,36210,32.39
2026-02-03T16:23:13.924884,36240,32.39
2026-02-03T16:23:14.864098,36270,32.39
2026-02-03T16:23:15.775312,36300,32.39
2026-02-03T16:23:16.700593,36330,32.39
2026-02-03T16:23:17.631242,36360,32.39
2026-02-03T16:23:18.554863,36390,32.39
2026-02-03T16:23:19.484666,36420,32.39
2026-02-03T16:23:20.408872,36450,32.39
2026-02-03T16:23:21.337644,36480,32.39
2026-02-03T16:23:22.258464,36510,32.39
2026-02-03T16:23:23.205019,36540,32.39
2026-02-03T16:23:24.112232,36570,32.39
2026-02-03T16:23:25.033608,36600,32.39
2026-02-03T16:23:25.961282,36630,32.39
2026-02-03T16:23:26.883447,36660,32.39
2026-02-03T16:23:27.813309,36690,32.39
2026-02-03T16:23:28.734888,36720,32.39
2026-02-03T16:23:29.664711,36750,32.39
2026-02-03T16:23:30.584419,36780,32.39
2026-02-03T16:23:31.515464,36810,32.39
2026-02-03T16:23:32.438712,36840,32.39
2026-02-03T16:23:33.371595,36870,32.39
2026-02-03T16:23:34.289476,36900,32.39
2026-02-03T16:23:35.216602,36930,32.39
2026-02-03T16:23:36.143024,36960,32.39
2026-02-03T16:23:37.067293,36990,32.39
2026-02-03T16:23:37.996005,37020,32.39
2026-02-03T16:23:38.922266,37050,32.39
2026-02-03T16:23:39.848009,37080,32.39
2026-02-03T16:23:40.774623,37110,32.39
2026-02-03T16:23:41.704755,37140,32.39
2026-02-03T16:23:42.622924,37170,32.39
2026-02-03T16:23:43.552530,37200,32.39
2026-02-03T16:23:44.474529,37230,32.39
2026-02-03T16:23:45.400830,37260,32.39
2026-02-03T16:23:46.328434,37290,32.39
2026-02-03T16:23:47.255458,37320,32.39
2026-02-03T16:23:48.180256,37350,32.39
2026-02-03T16:23:49.104468,37380,32.39
2026-02-03T16:23:50.031964,37410,32.39
2026-02-03T16:23:50.957370,37440,32.39
2026-02-03T16:23:51.883779,37470,32.39
2026-02-03T16:23:52.806626,37500,32.39
2026-02-03T16:23:53.732696,37530,32.39
2026-02-03T16:23:54.659119,37560,32.39
2026-02-03T16:23:55.583529,37590,32.39
2026-02-03T16:23:56.510214,37620,32.39
2026-02-03T16:23:57.434903,37650,32.39
2026-02-03T16:23:58.363756,37680,32.39
2026-02-03T16:23:59.290716,37710,32.39
2026-02-03T16:24:00.223939,37740,32.39
2026-02-03T16:24:01.137723,37770,32.39
2026-02-03T16:24:02.068670,37800,32.39
2026-02-03T16:24:02.986808,37830,32.39
2026-02-03T16:24:03.916043,37860,32.39
2026-02-03T16:24:04.844217,37890,32.39
2026-02-03T16:24:05.767220,37920,32.39
2026-02-03T16:24:06.694742,37950,32.39
2026-02-03T16:24:07.620573,37980,32.39
2026-02-03T16:24:08.549240,38010,32.39
2026-02-03T16:24:09.468937,38040,32.39
2026-02-03T16:24:10.398943,38070,32.39
2026-02-03T16:24:11.327725,38100,32.39
2026-02-03T16:24:12.255803,38130,32.39
2026-02-03T16:24:13.175195,38160,32.39
2026-02-03T16:24:14.107587,38190,32.39
2026-02-03T16:24:15.024098,38220,32.39
2026-02-03T16:24:15.956299,38250,32.39
2026-02-03T16:24:16.877077,38280,32.39
2026-02-03T16:24:17.805795,38310,32.39
2026-02-03T16:24:18.731452,38340,32.39
2026-02-03T16:24:19.655981,38370,32.39
2026-02-03T16:24:20.586176,38400,32.39
2026-02-03T16:24:21.507714,38430,32.39
2026-02-03T16:24:22.433777,38460,32.39
2026-02-03T16:24:23.357537,38490,32.39
2026-02-03T16:24:24.293065,38520,32.39
2026-02-03T16:24:25.206227,38550,32.39
2026-02-03T16:24:26.133610,38580,32.39
2026-02-03T16:24:27.058406,38610,32.39
2026-02-03T16:24:27.985900,38640,32.39
2026-02-03T16:24:28.913411,38670,32.39
2026-02-03T16:24:29.839530,38700,32.39
2026-02-03T16:24:30.764315,38730,32.39
2026-02-03T16:24:31.684793,38760,32.39
2026-02-03T16:24:32.615195,38790,32.39
2026-02-03T16:24:33.541867,38820,32.39
2026-02-03T16:24:34.467045,38850,32.39
2026-02-03T16:24:35.393670,38880,32.39
2026-02-03T16:24:36.319815,38910,32.39
2026-02-03T16:24:37.244701,38940,32.39
2026-02-03T16:24:38.174833,38970,32.39
2026-02-03T16:24:39.093425,39000,32.39
2026-02-03T16:24:40.019652,39030,32.39
2026-02-03T16:24:40.955926,39060,32.39
2026-02-03T16:24:41.870961,39090,32.39
2026-02-03T16:24:42.797376,39120,32.39
2026-02-03T16:24:43.721346,39150,32.39
2026-02-03T16:24:44.650395,39180,32.39
2026-02-03T16:24:45.574004,39210,32.39
2026-02-03T16:24:46.498465,39240,32.39
2026-02-03T16:24:47.428440,39270,32.39
2026-02-03T16:24:48.351056,39300,32.39
2026-02-03T16:24:49.277206,39330,32.39
2026-02-03T16:24:50.202119,39360,32.39
2026-02-03T16:24:51.138557,39390,32.39
2026-02-03T16:24:52.056617,39420,32.39
2026-02-03T16:24:52.984676,39450,32.39
2026-02-03T16:24:53.911107,39480,32.39
2026-02-03T16:24:54.832513,39510,32.39
2026-02-03T16:24:55.758149,39540,32.39
2026-02-03T16:24:56.683723,39570,32.39
2026-02-03T16:24:57.613656,39600,32.39
2026-02-03T16:24:58.543319,39630,32.39
2026-02-03T16:24:59.463757,39660,32.39
2026-02-03T16:25:00.388688,39690,32.39
2026-02-03T16:25:01.319581,39720,32.39
2026-02-03T16:25:02.237435,39750,32.39
2026-02-03T16:25:03.167160,39780,32.39
2026-02-03T16:25:04.085690,39810,32.39
2026-02-03T16:25:05.015465,39840,32.39
2026-02-03T16:25:05.940254,39870,32.39
2026-02-03T16:25:06.868481,39900,32.39
2026-02-03T16:25:07.795047,39930,32.39
2026-02-03T16:25:08.721782,39960,32.39
2026-02-03T16:25:09.648666,39990,32.39
2026-02-03T16:25:10.573534,40020,32.39
2026-02-03T16:25:11.498283,40050,32.39
2026-02-03T16:25:12.417481,40080,32.39
2026-02-03T16:25:13.348123,40110,32.39
2026-02-03T16:25:14.267667,40140,32.39
2026-02-03T16:25:15.198424,40170,32.39
2026-02-03T16:25:16.124365,40200,32.39
2026-02-03T16:25:17.050182,40230,32.39
2026-02-03T16:25:17.985723,40260,32.39
2026-02-03T16:25:18.903409,40290,32.39
2026-02-03T16:25:19.828058,40320,32.39
2026-02-03T16:25:20.758043,40350,32.39
2026-02-03T16:25:21.680069,40380,32.39
2026-02-03T16:25:22.606855,40410,32.39
2026-02-03T16:25:23.531544,40440,32.39
2026-02-03T16:25:24.452517,40470,32.39
2026-02-03T16:25:25.380004,40500,32.39
2026-02-03T16:25:26.310453,40530,32.39
2026-02-03T16:25:27.231278,40560,32.39
2026-02-03T16:25:28.158023,40590,32.39
2026-02-03T16:25:29.083923,40620,32.39
2026-02-03T16:25:30.012059,40650,32.39
2026-02-03T16:25:30.932343,40680,32.39
2026-02-03T16:25:31.875129,40710,32.39
2026-02-03T16:25:32.785651,40740,32.39
2026-02-03T16:25:33.714376,40770,32.39
2026-02-03T16:25:34.636818,40800,32.39
2026-02-03T16:25:35.564912,40830,32.39
2026-02-03T16:25:36.491457,40860,32.39
2026-02-03T16:25:37.415905,40890,32.39
2026-02-03T16:25:38.345489,40920,32.39
2026-02-03T16:25:39.266898,40950,32.39
2026-02-03T16:25:40.199157,40980,32.39
2026-02-03T16:25:41.116542,41010,32.39
2026-02-03T16:25:42.046434,41040,32.39
2026-02-03T16:25:42.968891,41070,32.39
2026-02-03T16:25:43.902024,41100,32.39
2026-02-03T16:25:44.819781,41130,32.39
2026-02-03T16:25:45.748434,41160,32.39
2026-02-03T16:25:46.674148,41190,32.39
2026-02-03T16:25:47.597806,41220,32.39
2026-02-03T16:25:48.524198,41250,32.39
2026-02-03T16:25:49.449218,41280,32.39
2026-02-03T16:25:50.380510,41310,32.39
2026-02-03T16:25:51.312547,41340,32.39
2026-02-03T16:25:52.230597,41370,32.39
2026-02-03T16:25:53.165420,41400,32.39
2026-02-03T16:25:54.081621,41430,32.39
2026-02-03T16:25:55.002337,41460,32.39
2026-02-03T16:25:55.930567,41490,32.39
2026-02-03T16:25:56.858266,41520,32.39
2026-02-03T16:25:57.784239,41550,32.39
2026-02-03T16:25:58.708224,41580,32.39
2026-02-03T16:25:59.633856,41610,32.39
2026-02-03T16:26:00.560553,41640,32.39
2026-02-03T16:26:01.486784,41670,32.39
2026-02-03T16:26:02.417862,41700,32.39
2026-02-03T16:26:03.341502,41730,32.39
2026-02-03T16:26:04.265055,41760,32.39
2026-02-03T16:26:05.192252,41790,32.39
2026-02-03T16:26:06.116332,41820,32.39
2026-02-03T16:26:07.039111,41850,32.39
2026-02-03T16:26:07.966164,41880,32.39
2026-02-03T16:26:08.891897,41910,32.39
2026-02-03T16:26:09.816800,41940,32.39
2026-02-03T16:26:10.744045,41970,32.39
2026-02-03T16:26:11.666080,42000,32.39
2026-02-03T16:26:12.596796,42030,32.39
2026-02-03T16:26:13.526634,42060,32.39
2026-02-03T16:26:14.447587,42090,32.39
2026-02-03T16:26:15.366947,42120,32.39
2026-02-03T16:26:16.300773,42150,32.39
2026-02-03T16:26:17.221538,42180,32.39
2026-02-03T16:26:18.146981,42210,32.39
2026-02-03T16:26:19.070047,42240,32.39
2026-02-03T16:26:19.997589,42270,32.39
2026-02-03T16:26:20.926171,42300,32.39
2026-02-03T16:26:21.858414,42330,32.39
2026-02-03T16:26:22.781098,42360,32.39
2026-02-03T16:26:23.706805,42390,32.39
2026-02-03T16:26:24.629923,42420,32.39
2026-02-03T16:26:25.580938,42450,32.39
2026-02-03T16:26:26.482021,42480,32.39
2026-02-03T16:26:27.407204,42510,32.39
2026-02-03T16:26:28.337795,42540,32.39
2026-02-03T16:26:29.262989,42570,32.39
2026-02-03T16:26:30.182803,42600,32.39
2026-02-03T16:26:31.111861,42630,32.39
2026-02-03T16:26:32.032238,42660,32.39
2026-02-03T16:26:32.962086,42690,32.39
2026-02-03T16:26:33.882736,42720,32.39
2026-02-03T16:26:34.814490,42750,32.39
2026-02-03T16:26:35.733033,42780,32.39
2026-02-03T16:26:36.663236,42810,32.39
2026-02-03T16:26:37.598434,42840,32.39
2026-02-03T16:26:38.518055,42870,32.39
2026-02-03T16:26:39.442409,42900,32.39
2026-02-03T16:26:40.367075,42930,32.39
2026-02-03T16:26:41.296222,42960,32.39
2026-02-03T16:26:42.224020,42990,32.39
2026-02-03T16:26:43.152920,43020,32.39
2026-02-03T16:26:44.070005,43050,32.39
2026-02-03T16:26:45.002658,43080,32.39
2026-02-03T16:26:45.925178,43110,32.39
2026-02-03T16:26:46.849281,43140,32.39
2026-02-03T16:26:47.773724,43170,32.39
2026-02-03T16:26:48.704584,43200,32.39
2026-02-03T16:26:49.626531,43230,32.39
2026-02-03T16:26:50.556271,43260,32.39
2026-02-03T16:26:51.477686,43290,32.39
2026-02-03T16:26:52.399974,43320,32.39
2026-02-03T16:26:53.327865,43350,32.39
2026-02-03T16:26:54.254150,43380,32.39
2026-02-03T16:26:55.179222,43410,32.39
2026-02-03T16:26:56.098759,43440,32.39
2026-02-03T16:26:57.031658,43470,32.39
2026-02-03T16:26:57.952095,43500,32.39
2026-02-03T16:26:58.880544,43530,32.39
2026-02-03T16:26:59.804066,43560,32.39
2026-02-03T16:27:00.731376,43590,32.39
2026-02-03T16:27:01.657350,43620,32.39
2026-02-03T16:27:02.599724,43650,32.39
2026-02-03T16:27:03.513077,43680,32.39
2026-02-03T16:27:04.438023,43710,32.39
2026-02-03T16:27:05.372915,43740,32.39
2026-02-03T16:27:06.297084,43770,32.39
2026-02-03T16:27:07.216173,43800,32.39
2026-02-03T16:27:08.139796,43830,32.39
2026-02-03T16:27:09.065690,43860,32.39
2026-02-03T16:27:09.993533,43890,32.39
2026-02-03T16:27:10.922152,43920,32.39
2026-02-03T16:27:11.842948,43950,32.39
2026-02-03T16:27:12.765795,43980,32.39
2026-02-03T16:27:13.699187,44010,32.39
2026-02-03T16:27:14.621780,44040,32.39
2026-02-03T16:27:15.546533,44070,32.39
2026-02-03T16:27:16.469306,44100,32.39
2026-02-03T16:27:17.405551,44130,32.39
2026-02-03T16:27:18.323095,44160,32.39
2026-02-03T16:27:19.254103,44190,32.39
2026-02-03T16:27:20.177324,44220,32.39
2026-02-03T16:27:21.104559,44250,32.39
2026-02-03T16:27:22.024659,44280,32.39
2026-02-03T16:27:22.951465,44310,32.39
2026-02-03T16:27:23.877865,44340,32.39
2026-02-03T16:27:24.802970,44370,32.39
2026-02-03T16:27:25.733399,44400,32.39
2026-02-03T16:27:26.649510,44430,32.39
2026-02-03T16:27:27.588118,44460,32.39
2026-02-03T16:27:28.503845,44490,32.39
2026-02-03T16:27:29.430507,44520,32.39
2026-02-03T16:27:30.354764,44550,32.39
2026-02-03T16:27:31.286892,44580,32.39
2026-02-03T16:27:32.207771,44610,32.39
2026-02-03T16:27:33.135541,44640,32.39
2026-02-03T16:27:34.061840,44670,32.39
2026-02-03T16:27:34.983705,44700,32.39
2026-02-03T16:27:35.912336,44730,32.39
2026-02-03T16:27:36.838835,44760,32.39
2026-02-03T16:27:37.763800,44790,32.39
2026-02-03T16:27:38.688624,44820,32.39
2026-02-03T16:27:39.623853,44850,32.39
2026-02-03T16:27:40.534876,44880,32.39
2026-02-03T16:27:41.463872,44910,32.39
2026-02-03T16:27:42.390970,44940,32.39
2026-02-03T16:27:43.319069,44970,32.39
2026-02-03T16:27:44.242973,45000,32.39
2026-02-03T16:27:45.164040,45030,32.39
2026-02-03T16:27:46.095751,45060,32.39
2026-02-03T16:27:47.022004,45090,32.39
2026-02-03T16:27:47.944934,45120,32.39
2026-02-03T16:27:48.870811,45150,32.39
2026-02-03T16:27:49.795359,45180,32.39
2026-02-03T16:27:50.723275,45210,32.39
2026-02-03T16:27:51.663832,45240,32.39
2026-02-03T16:27:52.579302,45270,32.39
2026-02-03T16:27:53.499003,45300,32.39
2026-02-03T16:27:54.427912,45330,32.39
2026-02-03T16:27:55.348530,45360,32.39
2026-02-03T16:27:56.288009,45390,32.39
2026-02-03T16:27:57.202383,45420,32.39
2026-02-03T16:27:58.128240,45450,32.39
2026-02-03T16:27:59.052471,45480,32.39
2026-02-03T16:27:59.978997,45510,32.39
2026-02-03T16:28:00.905959,45540,32.39
2026-02-03T16:28:01.829876,45570,32.39
2026-02-03T16:28:02.757242,45600,32.39
2026-02-03T16:28:03.686349,45630,32.39
2026-02-03T16:28:04.609659,45660,32.39
2026-02-03T16:28:05.539529,45690,32.39
2026-02-03T16:28:06.466376,45720,32.39
2026-02-03T16:28:07.382453,45750,32.39
2026-02-03T16:28:08.324328,45780,32.39
2026-02-03T16:28:09.238346,45810,32.39
2026-02-03T16:28:10.162704,45840,32.39
2026-02-03T16:28:11.091274,45870,32.39
2026-02-03T16:28:12.015268,45900,32.39
2026-02-03T16:28:12.942030,45930,32.39
2026-02-03T16:28:13.866890,45960,32.39
2026-02-03T16:28:14.793923,45990,32.39
2026-02-03T16:28:15.715184,46020,32.39
2026-02-03T16:28:16.644813,46050,32.39
2026-02-03T16:28:17.565907,46080,32.39
2026-02-03T16:28:18.494667,46110,32.39
2026-02-03T16:28:19.422215,46140,32.39
2026-02-03T16:28:20.352496,46170,32.39
2026-02-03T16:28:21.279649,46200,32.39
2026-02-03T16:28:22.206427,46230,32.39
2026-02-03T16:28:23.124485,46260,32.39
2026-02-03T16:28:24.051988,46290,32.39
2026-02-03T16:28:24.976021,46320,32.39
2026-02-03T16:28:25.898871,46350,32.39
2026-02-03T16:28:26.837102,46380,32.39
2026-02-03T16:28:27.748201,46410,32.39
2026-02-03T16:28:28.677922,46440,32.39
2026-02-03T16:28:29.603631,46470,32.39
2026-02-03T16:28:30.528926,46500,32.39
2026-02-03T16:28:31.454679,46530,32.39
2026-02-03T16:28:32.378797,46560,32.39
2026-02-03T16:28:33.305662,46590,32.39
2026-02-03T16:28:34.228671,46620,32.39
2026-02-03T16:28:35.158961,46650,32.39
2026-02-03T16:28:36.080876,46680,32.39
2026-02-03T16:28:37.029944,46710,32.39
2026-02-03T16:28:37.940620,46740,32.39
2026-02-03T16:28:38.866116,46770,32.39
2026-02-03T16:28:39.786966,46800,32.39
2026-02-03T16:28:40.711641,46830,32.39
2026-02-03T16:28:41.641381,46860,32.39
2026-02-03T16:28:42.574513,46890,32.39
2026-02-03T16:28:43.491047,46920,32.39
2026-02-03T16:28:44.420577,46950,32.39
2026-02-03T16:28:45.343030,46980,32.39
2026-02-03T16:28:46.280055,47010,32.39
2026-02-03T16:28:47.193863,47040,32.39
2026-02-03T16:28:48.117431,47070,32.39
2026-02-03T16:28:49.044304,47100,32.39
2026-02-03T16:28:49.968816,47130,32.39
2026-02-03T16:28:50.895482,47160,32.39
2026-02-03T16:28:51.820871,47190,32.39
2026-02-03T16:28:52.745055,47220,32.39
2026-02-03T16:28:53.672989,47250,32.39
2026-02-03T16:28:54.595138,47280,32.39
2026-02-03T16:28:55.525483,47310,32.39
2026-02-03T16:28:56.447825,47340,32.39
2026-02-03T16:28:57.376707,47370,32.39
2026-02-03T16:28:58.304781,47400,32.39
2026-02-03T16:28:59.227838,47430,32.39
2026-02-03T16:29:00.149599,47460,32.39
2026-02-03T16:29:01.080405,47490,32.39
2026-02-03T16:29:02.007333,47520,32.39
2026-02-03T16:29:02.930115,47550,32.39
2026-02-03T16:29:03.853487,47580,32.39
2026-02-03T16:29:04.779716,47610,32.39
2026-02-03T16:29:05.706545,47640,32.39
2026-02-03T16:29:06.635124,47670,32.39
2026-02-03T16:29:07.560152,47700,32.39
2026-02-03T16:29:08.482915,47730,32.39
2026-02-03T16:29:09.409727,47760,32.39
2026-02-03T16:29:10.335532,47790,32.39
2026-02-03T16:29:11.270873,47820,32.39
2026-02-03T16:29:12.187849,47850,32.39
2026-02-03T16:29:13.115086,47880,32.39
2026-02-03T16:29:14.040018,47910,32.39
2026-02-03T16:29:14.963514,47940,32.39
2026-02-03T16:29:15.898693,47970,32.39
2026-02-03T16:29:16.813968,48000,32.39
2026-02-03T16:29:17.742685,48030,32.39
2026-02-03T16:29:18.663113,48060,32.39
2026-02-03T16:29:19.594013,48090,32.39
2026-02-03T16:29:20.513505,48120,32.39
2026-02-03T16:29:21.443684,48150,32.39
2026-02-03T16:29:22.381966,48180,32.39
2026-02-03T16:29:23.295841,48210,32.39
2026-02-03T16:29:24.223663,48240,32.39
2026-02-03T16:29:25.145680,48270,32.39
2026-02-03T16:29:26.074146,48300,32.39
2026-02-03T16:29:26.996252,48330,32.39
2026-02-03T16:29:27.925943,48360,32.39
2026-02-03T16:29:28.851415,48390,32.39
2026-02-03T16:29:29.785665,48420,32.39
2026-02-03T16:29:30.702434,48450,32.39
2026-02-03T16:29:31.631084,48480,32.39
2026-02-03T16:29:32.552409,48510,32.39
2026-02-03T16:29:33.477122,48540,32.39
2026-02-03T16:29:34.406122,48570,32.39
2026-02-03T16:29:35.330527,48600,32.39
2026-02-03T16:29:36.269133,48630,32.39
2026-02-03T16:29:37.180088,48660,32.39
2026-02-03T16:29:38.109697,48690,32.39
2026-02-03T16:29:39.029211,48720,32.39
2026-02-03T16:29:39.959374,48750,32.39
2026-02-03T16:29:40.880214,48780,32.39
2026-02-03T16:29:41.809712,48810,32.39
2026-02-03T16:29:42.733234,48840,32.39
2026-02-03T16:29:43.666866,48870,32.39
2026-02-03T16:29:44.589623,48900,32.39
2026-02-03T16:29:45.519839,48930,32.39
2026-02-03T16:29:46.442265,48960,32.39
2026-02-03T16:29:47.371025,48990,32.39
2026-02-03T16:29:48.296080,49020,32.39
2026-02-03T16:29:49.218564,49050,32.39
2026-02-03T16:29:50.151081,49080,32.39
2026-02-03T16:29:51.080896,49110,32.39
2026-02-03T16:29:51.998252,49140,32.39
2026-02-03T16:29:52.923143,49170,32.39
2026-02-03T16:29:53.845666,49200,32.39
2026-02-03T16:29:54.771855,49230,32.39
2026-02-03T16:29:55.695508,49260,32.39
2026-02-03T16:29:56.625101,49290,32.39
2026-02-03T16:29:57.545953,49320,32.39
2026-02-03T16:29:58.476914,49350,32.39
2026-02-03T16:29:59.403631,49380,32.39
2026-02-03T16:30:00.328420,49410,32.39
2026-02-03T16:30:01.257749,49440,32.39
2026-02-03T16:30:02.182521,49470,32.39
2026-02-03T16:30:03.105635,49500,32.39
2026-02-03T16:30:04.029145,49530,32.39
2026-02-03T16:30:04.957026,49560,32.39
2026-02-03T16:30:05.877021,49590,32.39
2026-02-03T16:30:06.803547,49620,32.39
2026-02-03T16:30:07.732771,49650,32.39
2026-02-03T16:30:08.683963,49680,32.39
2026-02-03T16:30:09.581023,49710,32.39
2026-02-03T16:30:10.510600,49740,32.39
2026-02-03T16:30:11.432242,49770,32.39
2026-02-03T16:30:12.359741,49800,32.39
2026-02-03T16:30:13.288731,49830,32.39
2026-02-03T16:30:14.212818,49860,32.39
2026-02-03T16:30:15.137864,49890,32.39
2026-02-03T16:30:16.061887,49920,32.39
2026-02-03T16:30:16.993560,49950,32.39
2026-02-03T16:30:17.910795,49980,32.39
2026-02-03T16:30:18.841810,50010,32.39
2026-02-03T16:30:19.763474,50040,32.39
2026-02-03T16:30:20.696411,50070,32.39
2026-02-03T16:30:21.614507,50100,32.39
2026-02-03T16:30:22.541890,50130,32.39
2026-02-03T16:30:23.464332,50160,32.39
2026-02-03T16:30:24.395135,50190,32.39
2026-02-03T16:30:25.321444,50220,32.39
2026-02-03T16:30:26.258607,50250,32.39
2026-02-03T16:30:27.173525,50280,32.39
2026-02-03T16:30:28.099217,50310,32.39
2026-02-03T16:30:29.024431,50340,32.39
2026-02-03T16:30:29.950873,50370,32.39
2026-02-03T16:30:30.883333,50400,32.39
2026-02-03T16:30:31.802030,50430,32.39
2026-02-03T16:30:32.737178,50460,32.39
2026-02-03T16:30:33.653342,50490,32.39
2026-02-03T16:30:34.577404,50520,32.39
2026-02-03T16:30:35.506014,50550,32.39
2026-02-03T16:30:36.427321,50580,32.39
2026-02-03T16:30:37.355217,50610,32.39
2026-02-03T16:30:38.286335,50640,32.39
2026-02-03T16:30:39.207693,50670,32.39
2026-02-03T16:30:40.133986,50700,32.39
2026-02-03T16:30:41.058696,50730,32.39
2026-02-03T16:30:41.979409,50760,32.39
2026-02-03T16:30:42.910094,50790,32.39
2026-02-03T16:30:43.835191,50820,32.39
2026-02-03T16:30:44.775222,50850,32.39
2026-02-03T16:30:45.686743,50880,32.39
2026-02-03T16:30:46.610682,50910,32.39
2026-02-03T16:30:47.537030,50940,32.39
2026-02-03T16:30:48.460409,50970,32.39
2026-02-03T16:30:49.394065,51000,32.39
2026-02-03T16:30:50.320012,51030,32.39
2026-02-03T16:30:51.258992,51060,32.39
2026-02-03T16:30:52.162116,51090,32.39
2026-02-03T16:30:53.091377,51120,32.39
2026-02-03T16:30:54.014346,51150,32.39
2026-02-03T16:30:54.945458,51180,32.39
2026-02-03T16:30:55.869049,51210,32.39
2026-02-03T16:30:56.794882,51240,32.39
2026-02-03T16:30:57.722336,51270,32.39
2026-02-03T16:30:58.643902,51300,32.39
2026-02-03T16:30:59.581792,51330,32.39
2026-02-03T16:31:00.495167,51360,32.39
2026-02-03T16:31:01.455463,51390,32.39
2026-02-03T16:31:02.350480,51420,32.39
2026-02-03T16:31:03.276703,51450,32.39
2026-02-03T16:31:04.199484,51480,32.39
2026-02-03T16:31:05.131341,51510,32.39
2026-02-03T16:31:06.053887,51540,32.39
2026-02-03T16:31:06.979204,51570,32.39
2026-02-03T16:31:07.905385,51600,32.39
2026-02-03T16:31:08.829159,51630,32.39
2026-02-03T16:31:09.758972,51660,32.39
2026-02-03T16:31:10.678640,51690,32.39
2026-02-03T16:31:11.607759,51720,32.39
2026-02-03T16:31:12.535759,51750,32.39
2026-02-03T16:31:13.457814,51780,32.39
2026-02-03T16:31:14.384416,51810,32.39
2026-02-03T16:31:15.316427,51840,32.39
2026-02-03T16:31:16.250752,51870,32.39
2026-02-03T16:31:17.160141,51900,32.39
2026-02-03T16:31:18.088289,51930,32.39
2026-02-03T16:31:19.020307,51960,32.39
2026-02-03T16:31:19.945934,51990,32.39
2026-02-03T16:31:20.867980,52020,32.39
2026-02-03T16:31:21.791771,52050,32.39
2026-02-03T16:31:22.718762,52080,32.39
2026-02-03T16:31:23.643016,52110,32.39
2026-02-03T16:31:24.566872,52140,32.39
2026-02-03T16:31:25.495537,52170,32.39
2026-02-03T16:31:26.418331,52200,32.39
2026-02-03T16:31:27.343660,52230,32.39
2026-02-03T16:31:28.273005,52260,32.39
2026-02-03T16:31:29.197422,52290,32.39
2026-02-03T16:31:30.133176,52320,32.39
2026-02-03T16:31:31.044676,52350,32.39
2026-02-03T16:31:31.974872,52380,32.39
2026-02-03T16:31:32.896379,52410,32.39
2026-02-03T16:31:33.824923,52440,32.39
2026-02-03T16:31:34.747495,52470,32.39
2026-02-03T16:31:35.674154,52500,32.39
2026-02-03T16:31:36.602630,52530,32.39
2026-02-03T16:31:37.524690,52560,32.39
2026-02-03T16:31:38.454133,52590,32.39
2026-02-03T16:31:39.384066,52620,32.39
2026-02-03T16:31:40.309968,52650,32.39
2026-02-03T16:31:41.232561,52680,32.39
2026-02-03T16:31:42.158041,52710,32.39
2026-02-03T16:31:43.083798,52740,32.39
2026-02-03T16:31:44.014591,52770,32.39
2026-02-03T16:31:44.933315,52800,32.39
2026-02-03T16:31:45.857917,52830,32.39
2026-02-03T16:31:46.788526,52860,32.39
2026-02-03T16:31:47.716590,52890,32.39
2026-02-03T16:31:48.635921,52920,32.39
2026-02-03T16:31:49.560027,52950,32.39
2026-02-03T16:31:50.489468,52980,32.39
2026-02-03T16:31:51.412838,53010,32.39
2026-02-03T16:31:52.341906,53040,32.39
2026-02-03T16:31:53.262719,53070,32.39
2026-02-03T16:31:54.197670,53100,32.39
2026-02-03T16:31:55.121099,53130,32.39
2026-02-03T16:31:56.045190,53160,32.39
2026-02-03T16:31:56.969216,53190,32.39
2026-02-03T16:31:57.927001,53220,32.39
2026-02-03T16:31:58.822440,53250,32.39
2026-02-03T16:31:59.742101,53280,32.39
2026-02-03T16:32:00.673080,53310,32.39
2026-02-03T16:32:01.593846,53340,32.39
2026-02-03T16:32:02.523802,53370,32.39
2026-02-03T16:32:03.446830,53400,32.39
2026-02-03T16:32:04.379995,53430,32.39
2026-02-03T16:32:05.298500,53460,32.39
2026-02-03T16:32:06.225265,53490,32.39
2026-02-03T16:32:07.149466,53520,32.39
2026-02-03T16:32:08.076495,53550,32.39
2026-02-03T16:32:09.002270,53580,32.39
2026-02-03T16:32:09.940377,53610,32.39
2026-02-03T16:32:10.856075,53640,32.39
2026-02-03T16:32:11.777410,53670,32.39
2026-02-03T16:32:12.707949,53700,32.39
2026-02-03T16:32:13.631747,53730,32.39
2026-02-03T16:32:14.564773,53760,32.39
2026-02-03T16:32:15.483846,53790,32.39
2026-02-03T16:32:16.408900,53820,32.39
2026-02-03T16:32:17.340196,53850,32.39
2026-02-03T16:32:18.264001,53880,32.39
2026-02-03T16:32:19.187880,53910,32.39
2026-02-03T16:32:20.108450,53940,32.39
2026-02-03T16:32:21.039713,53970,32.39
2026-02-03T16:32:21.958779,54000,32.39
2026-02-03T16:32:22.890067,54030,32.39
2026-02-03T16:32:23.814905,54060,32.39
2026-02-03T16:32:24.743247,54090,32.39
2026-02-03T16:32:25.667062,54120,32.39
2026-02-03T16:32:26.601286,54150,32.39
2026-02-03T16:32:27.518937,54180,32.39
2026-02-03T16:32:28.445574,54210,32.39
2026-02-03T16:32:29.373512,54240,32.39
2026-02-03T16:32:30.310037,54270,32.39
2026-02-03T16:32:31.223904,54300,32.39
2026-02-03T16:32:32.148302,54330,32.39
2026-02-03T16:32:33.074031,54360,32.39
2026-02-03T16:32:33.999808,54390,32.39
2026-02-03T16:32:34.929712,54420,32.39
2026-02-03T16:32:35.847002,54450,32.39
2026-02-03T16:32:36.780280,54480,32.39
2026-02-03T16:32:37.704643,54510,32.39
2026-02-03T16:32:38.627388,54540,32.39
2026-02-03T16:32:39.552571,54570,32.39
2026-02-03T16:32:40.474500,54600,32.39
2026-02-03T16:32:41.405407,54630,32.39
2026-02-03T16:32:42.328987,54660,32.39
2026-02-03T16:32:43.254830,54690,32.39
2026-02-03T16:32:44.174879,54720,32.39
2026-02-03T16:32:45.105342,54750,32.39
2026-02-03T16:32:46.028982,54780,32.39
2026-02-03T16:32:46.959922,54810,32.39
2026-02-03T16:32:47.882649,54840,32.39
2026-02-03T16:32:48.806430,54870,32.39
2026-02-03T16:32:49.734796,54900,32.39
2026-02-03T16:32:50.663367,54930,32.39
2026-02-03T16:32:51.586447,54960,32.39
2026-02-03T16:32:52.512724,54990,32.39
2026-02-03T16:32:53.442673,55020,32.39
2026-02-03T16:32:54.367876,55050,32.39
2026-02-03T16:32:55.295259,55080,32.39
2026-02-03T16:32:56.215336,55110,32.39
2026-02-03T16:32:57.142361,55140,32.39
2026-02-03T16:32:58.067344,55170,32.39
2026-02-03T16:32:58.996121,55200,32.39
2026-02-03T16:32:59.919379,55230,32.39
2026-02-03T16:33:00.843992,55260,32.39
2026-02-03T16:33:01.774401,55290,32.39
2026-02-03T16:33:02.695871,55320,32.39
2026-02-03T16:33:03.626477,55350,32.39
2026-02-03T16:33:04.546560,55380,32.39
2026-02-03T16:33:05.472521,55410,32.39
2026-02-03T16:33:06.397563,55440,32.39
2026-02-03T16:33:07.349344,55470,32.39
2026-02-03T16:33:08.249343,55500,32.39
2026-02-03T16:33:09.173968,55530,32.39
2026-02-03T16:33:10.102158,55560,32.39
2026-02-03T16:33:11.029112,55590,32.39
2026-02-03T16:33:11.954589,55620,32.39
2026-02-03T16:33:12.876870,55650,32.39
2026-02-03T16:33:13.804697,55680,32.39
2026-02-03T16:33:14.728263,55710,32.39
2026-02-03T16:33:15.662448,55740,32.39
2026-02-03T16:33:16.578617,55770,32.39
2026-02-03T16:33:17.511006,55800,32.39
2026-02-03T16:33:18.435034,55830,32.39
2026-02-03T16:33:19.358144,55860,32.39
2026-02-03T16:33:20.290217,55890,32.39
2026-02-03T16:33:21.210909,55920,32.39
2026-02-03T16:33:22.136217,55950,32.39
2026-02-03T16:33:23.063141,55980,32.39
2026-02-03T16:33:23.992123,56010,32.39
2026-02-03T16:33:24.912977,56040,32.39
2026-02-03T16:33:25.840841,56070,32.39
2026-02-03T16:33:26.764755,56100,32.39
2026-02-03T16:33:27.691642,56130,32.39
2026-02-03T16:33:28.613033,56160,32.39
2026-02-03T16:33:29.541366,56190,32.39
2026-02-03T16:33:30.464698,56220,32.39
2026-02-03T16:33:31.396997,56250,32.39
2026-02-03T16:33:32.335628,56280,32.39
2026-02-03T16:33:33.240518,56310,32.39
2026-02-03T16:33:34.172989,56340,32.39
2026-02-03T16:33:35.093700,56370,32.39
2026-02-03T16:33:36.021951,56400,32.39
2026-02-03T16:33:36.948543,56430,32.39
2026-02-03T16:33:37.876475,56460,32.39
2026-02-03T16:33:38.800492,56490,32.39
2026-02-03T16:33:39.721656,56520,32.39
2026-02-03T16:33:40.650680,56550,32.39
2026-02-03T16:33:41.575651,56580,32.39
2026-02-03T16:33:42.503038,56610,32.39
2026-02-03T16:33:43.423591,56640,32.39
2026-02-03T16:33:44.356196,56670,32.39
2026-02-03T16:33:45.277673,56700,32.39
2026-02-03T16:33:46.203480,56730,32.39
2026-02-03T16:33:47.129882,56760,32.39
2026-02-03T16:33:48.054740,56790,32.39
2026-02-03T16:33:48.987811,56820,32.39
2026-02-03T16:33:49.912038,56850,32.39
2026-02-03T16:33:50.834847,56880,32.39
2026-02-03T16:33:51.756572,56910,32.39
2026-02-03T16:33:52.683577,56940,32.39
2026-02-03T16:33:53.607972,56970,32.39
2026-02-03T16:33:54.536363,57000,32.39
2026-02-03T16:33:55.463815,57030,32.39
2026-02-03T16:33:56.386861,57060,32.39
2026-02-03T16:33:57.320841,57090,32.39
2026-02-03T16:33:58.238210,57120,32.39
2026-02-03T16:33:59.167877,57150,32.39
2026-02-03T16:34:00.090855,57180,32.39
2026-02-03T16:34:01.017799,57210,32.39
2026-02-03T16:34:01.940270,57240,32.39
2026-02-03T16:34:02.868589,57270,32.39
2026-02-03T16:34:03.791006,57300,32.39
2026-02-03T16:34:04.720950,57330,32.39
2026-02-03T16:34:05.643504,57360,32.39
2026-02-03T16:34:06.572724,57390,32.39
2026-02-03T16:34:07.495815,57420,32.39
2026-02-03T16:34:08.420740,57450,32.39
2026-02-03T16:34:09.347153,57480,32.39
2026-02-03T16:34:10.275934,57510,32.39
2026-02-03T16:34:11.200265,57540,32.39
2026-02-03T16:34:12.123658,57570,32.39
2026-02-03T16:34:13.050356,57600,32.39
2026-02-03T16:34:13.974396,57630,32.39
2026-02-03T16:34:14.903747,57660,32.39
2026-02-03T16:34:15.826436,57690,32.39
2026-02-03T16:34:16.761367,57720,32.39
2026-02-03T16:34:17.680076,57750,32.39
2026-02-03T16:34:18.613744,57780,32.39
2026-02-03T16:34:19.532379,57810,32.39
2026-02-03T16:34:20.455421,57840,32.39
2026-02-03T16:34:21.386423,57870,32.39
2026-02-03T16:34:22.309003,57900,32.39
2026-02-03T16:34:23.234888,57930,32.39
2026-02-03T16:34:24.158404,57960,32.39
2026-02-03T16:34:25.086470,57990,32.39
2026-02-03T16:34:26.009737,58020,32.39
2026-02-03T16:34:26.937803,58050,32.39
2026-02-03T16:34:27.859585,58080,32.39
2026-02-03T16:34:28.788074,58110,32.39
2026-02-03T16:34:29.715894,58140,32.39
2026-02-03T16:34:30.639814,58170,32.39
2026-02-03T16:34:31.565756,58200,32.39
2026-02-03T16:34:32.492620,58230,32.39
2026-02-03T16:34:33.418970,58260,32.39
