timestamp,temperature_C,cpu_percent,memory_percent,npu_utilization_percent
2026-02-03T13:20:46.740527,52.35,0.0,26.8,
2026-02-03T13:20:48.943150,52.9,41.4,28.1,12.1
2026-02-03T13:20:51.147521,53.45,48.3,28.1,26.2
2026-02-03T13:20:53.353845,54.0,51.7,28.3,26.3
2026-02-03T13:20:55.560360,55.1,45.2,28.3,25.2
2026-02-03T13:20:57.764155,55.1,40.4,28.2,25.5
2026-02-03T13:20:59.969723,54.55,41.9,28.1,26.0
2026-02-03T13:21:02.172102,53.45,37.4,28.1,26.1
2026-02-03T13:21:04.374539,54.55,31.6,28.1,25.5
2026-02-03T13:21:06.577312,55.1,42.8,28.0,26.2
2026-02-03T13:21:08.780603,54.0,31.5,28.0,25.8
2026-02-03T13:21:10.985984,55.65,36.0,28.0,26.1
2026-02-03T13:21:13.189353,54.55,40.1,28.0,26.1
2026-02-03T13:21:15.394463,54.55,34.2,28.0,25.2
2026-02-03T13:21:17.598874,56.2,35.4,28.0,26.0
2026-02-03T13:21:19.803874,54.55,38.0,28.0,25.8
2026-02-03T13:21:22.006433,54.0,37.2,28.0,26.2
2026-02-03T13:21:24.210993,55.65,32.9,28.0,26.0
2026-02-03T13:21:26.414403,54.55,40.7,28.0,25.9
2026-02-03T13:21:28.618503,55.1,35.2,28.0,26.3
2026-02-03T13:21:30.821955,55.65,40.1,28.1,25.5
2026-02-03T13:21:33.027280,56.2,34.6,28.0,25.4
2026-02-03T13:21:35.230626,56.2,43.8,28.1,25.4
2026-02-03T13:21:37.434898,55.1,34.6,28.1,25.4
2026-02-03T13:21:39.638488,54.55,55.2,28.1,25.3
2026-02-03T13:21:41.847734,56.75,65.8,28.1,25.5
2026-02-03T13:21:44.053071,56.2,50.9,28.0,25.3
2026-02-03T13:21:46.255739,55.1,31.5,28.1,25.3
2026-02-03T13:21:48.461904,57.85,56.8,28.4,26.9
2026-02-03T13:21:50.667524,57.3,44.0,28.5,25.9
2026-02-03T13:21:52.872925,56.75,56.3,28.4,25.9
2026-02-03T13:21:55.075967,56.75,56.5,28.1,26.4
2026-02-03T13:21:57.293042,56.75,39.2,28.1,25.4
2026-02-03T13:21:59.495376,58.4,40.8,28.0,25.5
2026-02-03T13:22:01.702037,57.85,44.6,27.9,26.5
2026-02-03T13:22:03.906247,55.65,40.4,28.0,25.4
2026-02-03T13:22:06.110428,56.75,41.9,28.0,25.3
2026-02-03T13:22:08.328229,56.75,59.7,28.0,25.5
2026-02-03T13:22:10.532811,57.3,39.2,28.0,25.3
2026-02-03T13:22:12.736973,56.2,40.0,28.0,25.3
2026-02-03T13:22:14.941087,56.75,46.7,27.9,25.4
2026-02-03T13:22:17.143012,57.3,39.0,27.9,25.5
2026-02-03T13:22:19.352526,58.4,44.7,27.9,25.4
2026-02-03T13:22:21.554458,56.75,38.0,27.9,25.6
2026-02-03T13:22:23.756660,58.4,42.4,27.9,25.4
2026-02-03T13:22:25.960651,57.3,37.6,27.9,25.1
2026-02-03T13:22:28.168451,57.85,58.9,28.7,27.5
2026-02-03T13:22:30.373381,58.4,36.9,28.6,25.3
2026-02-03T13:22:32.579917,56.75,41.5,28.4,25.6
2026-02-03T13:22:34.785908,59.5,56.7,28.5,26.6
2026-02-03T13:22:36.989557,58.4,37.9,28.7,25.7
2026-02-03T13:22:39.194055,57.85,46.0,28.5,24.7
2026-02-03T13:22:41.397157,57.3,39.2,28.3,26.1
2026-02-03T13:22:43.600617,57.3,59.5,28.5,26.3
2026-02-03T13:22:45.802798,57.85,33.6,28.3,25.9
2026-02-03T13:22:48.005083,57.85,38.4,28.2,25.7
2026-02-03T13:22:50.209321,57.3,41.5,28.1,25.9
2026-02-03T13:22:52.412253,56.2,36.1,28.1,25.9
2026-02-03T13:22:54.614282,57.85,41.0,28.0,25.3
2026-02-03T13:22:56.817681,58.4,37.8,28.0,25.7
2026-02-03T13:22:59.021911,57.85,43.9,27.9,26.0
2026-02-03T13:23:01.224360,57.3,37.8,27.9,26.2
2026-02-03T13:23:03.427419,57.3,34.4,27.9,26.0
2026-02-03T13:23:05.631697,56.75,44.3,27.9,25.8
2026-02-03T13:23:07.835864,58.4,37.1,27.9,25.8
2026-02-03T13:23:10.040285,58.4,42.6,27.9,25.9
2026-02-03T13:23:12.243379,57.85,31.7,27.9,25.7
2026-02-03T13:23:14.445304,57.3,31.4,27.9,25.5
2026-02-03T13:23:16.649488,57.3,41.5,27.9,26.0
2026-02-03T13:23:18.854567,58.95,31.1,27.9,26.0
2026-02-03T13:23:21.064931,56.2,43.6,27.9,26.6
2026-02-03T13:23:23.268631,58.4,32.1,27.9,26.1
2026-02-03T13:23:25.471593,57.85,34.6,28.0,25.4
2026-02-03T13:23:27.680947,57.3,43.0,27.9,26.0
2026-02-03T13:23:29.886406,58.4,42.8,27.9,26.1
2026-02-03T13:23:32.092907,58.95,55.4,27.9,25.8
2026-02-03T13:23:34.297761,57.3,34.1,27.9,25.4
2026-02-03T13:23:36.500653,58.95,34.9,28.0,25.2
2026-02-03T13:23:38.702885,57.85,51.3,27.9,26.6
2026-02-03T13:23:40.906809,57.85,34.5,27.9,25.6
2026-02-03T13:23:43.115250,57.3,46.7,27.9,25.6
2026-02-03T13:23:45.318382,56.75,35.3,27.9,25.2
2026-02-03T13:23:47.526304,56.75,34.7,28.0,25.7
2026-02-03T13:23:49.730717,58.95,45.2,27.9,25.7
2026-02-03T13:23:51.933616,57.3,33.9,28.0,25.2
2026-02-03T13:23:54.138351,56.75,42.7,28.0,25.4
2026-02-03T13:23:56.342819,56.2,42.8,28.0,25.3
2026-02-03T13:23:58.545605,56.75,43.5,28.1,25.4
2026-02-03T13:24:00.749423,56.75,33.8,28.1,25.6
2026-02-03T13:24:02.953533,57.85,35.3,28.1,25.5
2026-02-03T13:24:05.155805,56.75,43.9,28.1,25.2
2026-02-03T13:24:07.363326,56.2,36.8,28.1,25.5
2026-02-03T13:24:09.567001,56.2,44.6,28.1,26.2
2026-02-03T13:24:11.769928,56.75,33.6,28.1,25.3
2026-02-03T13:24:13.972189,56.2,36.2,28.1,25.7
2026-02-03T13:24:16.174910,56.75,44.4,28.1,26.0
2026-02-03T13:24:18.377111,56.75,33.0,28.1,26.0
2026-02-03T13:24:20.592954,56.2,41.3,28.1,26.1
2026-02-03T13:24:22.795140,56.75,32.3,28.1,25.5
2026-02-03T13:24:25.001870,57.3,47.9,28.1,26.3
2026-02-03T13:24:27.209820,56.75,38.5,28.1,26.0
2026-02-03T13:24:29.412342,56.75,34.5,28.1,26.0
2026-02-03T13:24:31.614542,57.3,42.7,28.1,25.8
2026-02-03T13:24:33.817592,57.3,32.1,28.1,26.0
2026-02-03T13:24:36.022725,57.85,42.3,28.1,26.4
2026-02-03T13:24:38.226703,56.2,32.9,28.1,26.2
2026-02-03T13:24:40.429255,56.75,32.9,28.2,26.5
2026-02-03T13:24:42.632844,55.65,42.1,28.3,26.1
2026-02-03T13:24:44.837316,57.3,34.8,28.3,26.0
2026-02-03T13:24:47.042748,56.75,43.1,28.4,26.4
2026-02-03T13:24:49.246564,56.2,38.7,28.3,26.0
2026-02-03T13:24:51.449082,56.75,44.6,28.4,25.7
2026-02-03T13:24:53.653312,55.65,32.2,28.2,25.3
2026-02-03T13:24:55.858544,56.75,39.7,28.3,26.1
2026-02-03T13:24:58.065522,55.65,40.8,28.2,25.8
2026-02-03T13:25:00.270790,56.75,34.4,28.2,25.2
2026-02-03T13:25:02.474794,56.2,45.5,28.2,25.5
2026-02-03T13:25:04.678783,58.4,36.2,28.2,25.3
2026-02-03T13:25:06.883131,56.75,36.9,28.2,26.0
2026-02-03T13:25:09.088264,57.3,41.9,28.2,25.4
2026-02-03T13:25:11.290981,55.1,34.5,28.2,25.2
2026-02-03T13:25:13.493829,57.3,40.4,28.2,25.2
2026-02-03T13:25:15.698575,57.85,35.4,28.2,25.6
2026-02-03T13:25:17.903505,55.1,34.9,28.2,25.6
2026-02-03T13:25:20.106070,56.75,43.8,28.1,25.7
2026-02-03T13:25:22.309165,56.2,34.3,28.2,25.3
2026-02-03T13:25:24.512430,56.2,41.0,28.1,25.4
2026-02-03T13:25:26.715538,56.75,34.7,28.1,25.5
2026-02-03T13:25:28.920462,54.55,34.9,28.2,25.6
2026-02-03T13:25:31.124689,56.2,44.3,28.2,26.1
2026-02-03T13:25:33.327831,55.65,34.0,28.2,25.2
2026-02-03T13:25:35.531441,57.3,48.8,28.2,26.0
2026-02-03T13:25:37.736130,55.1,37.4,28.1,25.6
2026-02-03T13:25:39.940503,55.65,33.8,28.1,25.3
2026-02-03T13:25:42.142808,56.2,45.8,28.2,25.8
2026-02-03T13:25:44.345658,55.65,32.2,28.2,26.2
2026-02-03T13:25:46.552768,56.2,44.8,28.2,25.7
2026-02-03T13:25:48.756169,56.2,38.5,28.2,25.3
2026-02-03T13:25:50.960700,57.85,39.1,28.2,25.6
2026-02-03T13:25:53.164138,56.2,38.8,28.2,25.3
2026-02-03T13:25:55.366913,56.2,33.3,28.2,26.1
2026-02-03T13:25:57.577747,57.3,45.9,28.2,28.2
2026-02-03T13:25:59.783085,57.85,42.9,28.2,25.3
2026-02-03T13:26:01.986625,57.3,37.0,28.3,25.5
2026-02-03T13:26:04.193259,57.3,40.9,28.3,25.6
2026-02-03T13:26:06.398462,56.75,35.3,28.3,26.1
2026-02-03T13:26:08.609256,55.65,45.5,28.3,26.7
2026-02-03T13:26:10.813600,57.3,32.9,28.2,25.4
2026-02-03T13:26:13.019011,58.4,34.8,28.2,25.5
2026-02-03T13:26:15.228799,56.75,41.0,28.2,26.1
2026-02-03T13:26:17.435213,57.85,37.0,28.2,25.8
2026-02-03T13:26:19.638518,56.75,41.1,28.2,26.4
2026-02-03T13:26:21.841325,57.85,29.8,28.2,25.7
2026-02-03T13:26:24.045395,56.75,35.3,28.2,26.2
2026-02-03T13:26:26.247561,56.75,43.7,28.2,26.1
2026-02-03T13:26:28.451200,57.3,35.7,28.2,25.4
2026-02-03T13:26:30.654885,57.3,46.1,28.2,25.5
2026-02-03T13:26:32.861450,57.85,36.5,28.2,26.4
2026-02-03T13:26:35.064981,57.3,33.8,28.2,26.2
2026-02-03T13:26:37.269818,56.75,46.0,28.2,25.4
2026-02-03T13:26:39.473749,56.75,34.6,28.2,25.3
2026-02-03T13:26:41.678362,56.75,45.2,28.2,25.3
2026-02-03T13:26:43.881139,57.85,37.7,28.2,25.8
2026-02-03T13:26:46.084898,58.4,34.0,28.2,25.5
2026-02-03T13:26:48.288690,57.3,44.4,28.2,25.5
2026-02-03T13:26:50.493829,57.3,31.3,28.2,25.5
2026-02-03T13:26:52.701431,58.4,41.2,28.2,25.7
2026-02-03T13:26:54.907955,59.5,49.7,28.2,26.2
2026-02-03T13:26:57.112958,58.95,63.1,28.1,25.4
2026-02-03T13:26:59.319695,58.95,35.6,28.1,25.4
2026-02-03T13:27:01.525411,58.4,35.6,28.2,26.3
2026-02-03T13:27:03.729437,56.75,43.0,28.1,25.5
2026-02-03T13:27:05.932030,58.4,38.0,28.1,25.5
2026-02-03T13:27:08.135633,58.95,50.4,28.1,25.6
2026-02-03T13:27:10.338460,58.95,46.5,28.1,25.4
2026-02-03T13:27:12.545395,57.3,44.4,28.1,25.7
2026-02-03T13:27:14.747922,57.3,41.3,28.1,26.2
2026-02-03T13:27:16.953235,56.75,35.2,28.1,25.2
2026-02-03T13:27:19.156768,57.85,44.9,28.1,25.6
2026-02-03T13:27:21.363551,57.85,37.9,28.1,25.4
2026-02-03T13:27:23.567684,56.2,34.1,28.1,25.8
2026-02-03T13:27:25.770871,57.3,46.3,28.1,26.1
2026-02-03T13:27:27.973292,56.75,36.4,28.1,25.3
2026-02-03T13:27:30.175940,57.3,47.5,28.1,25.7
2026-02-03T13:27:32.383522,57.85,34.5,28.1,25.6
2026-02-03T13:27:34.586133,57.3,30.7,28.1,26.1
2026-02-03T13:27:36.789332,57.85,42.9,28.1,26.6
2026-02-03T13:27:38.992009,56.2,33.2,28.1,25.2
2026-02-03T13:27:41.194751,56.75,44.6,28.2,26.0
2026-02-03T13:27:43.400300,56.75,33.4,28.2,26.5
2026-02-03T13:27:45.604113,57.3,31.4,28.1,26.1
2026-02-03T13:27:47.806904,56.75,43.2,28.1,27.0
2026-02-03T13:27:50.010066,57.3,33.2,28.1,26.3
2026-02-03T13:27:52.213655,57.85,64.3,29.4,26.1
2026-02-03T13:27:54.420207,57.85,51.8,29.1,26.1
2026-02-03T13:27:56.622586,56.75,34.1,29.1,26.1
2026-02-03T13:27:58.825852,56.75,43.7,29.0,26.4
2026-02-03T13:28:01.028210,57.3,35.7,28.9,25.6
2026-02-03T13:28:03.234117,57.85,51.6,28.7,26.4
2026-02-03T13:28:05.437814,55.65,36.8,28.7,26.0
2026-02-03T13:28:07.641289,56.75,34.0,28.4,25.8
2026-02-03T13:28:09.846325,55.65,44.2,28.3,26.2
2026-02-03T13:28:12.049934,57.3,32.2,28.3,26.0
2026-02-03T13:28:14.253124,56.2,41.9,28.3,26.5
2026-02-03T13:28:16.458484,56.2,33.7,28.3,27.0
2026-02-03T13:28:18.660413,57.3,34.8,28.3,26.0
2026-02-03T13:28:20.863068,55.65,40.7,28.2,26.7
2026-02-03T13:28:23.064938,56.2,32.1,28.2,26.1
2026-02-03T13:28:25.269036,58.95,51.1,28.2,26.7
2026-02-03T13:28:27.478829,57.3,37.8,28.2,25.4
2026-02-03T13:28:29.684772,57.3,40.1,28.2,25.7
2026-02-03T13:28:31.888629,55.1,38.7,28.2,25.2
2026-02-03T13:28:34.091744,56.75,32.8,28.2,26.1
2026-02-03T13:28:36.295684,56.2,44.5,28.2,27.6
2026-02-03T13:28:38.498230,56.75,32.8,28.2,25.4
2026-02-03T13:28:40.702484,56.75,45.0,28.1,25.2
2026-02-03T13:28:42.905957,56.2,35.5,28.1,25.5
2026-02-03T13:28:45.108938,55.65,35.2,28.2,25.5
2026-02-03T13:28:47.316241,55.65,41.5,28.1,25.6
2026-02-03T13:28:49.519725,55.65,33.8,28.1,25.3
2026-02-03T13:28:51.722264,58.4,44.1,28.2,25.5
2026-02-03T13:28:53.925953,56.2,32.1,28.1,25.3
2026-02-03T13:28:56.130856,56.2,35.9,28.2,25.2
2026-02-03T13:28:58.332702,56.2,44.4,28.2,25.2
2026-02-03T13:29:00.536632,56.2,32.8,28.2,25.5
2026-02-03T13:29:02.743641,56.2,41.9,28.1,25.7
2026-02-03T13:29:04.945998,56.2,32.5,28.1,25.8
2026-02-03T13:29:07.149915,56.75,37.3,28.2,25.3
2026-02-03T13:29:09.352342,57.3,38.1,28.1,25.6
2026-02-03T13:29:11.556971,56.2,33.4,28.2,25.3
2026-02-03T13:29:13.762660,58.4,41.4,28.1,25.6
2026-02-03T13:29:15.966039,56.75,32.9,28.1,26.0
2026-02-03T13:29:18.170003,56.75,38.0,28.2,25.4
2026-02-03T13:29:20.384126,56.75,41.6,28.1,26.2
2026-02-03T13:29:22.587156,57.3,36.6,28.2,26.1
2026-02-03T13:29:24.791379,56.75,43.2,28.1,26.0
2026-02-03T13:29:26.993816,56.75,33.3,28.1,25.4
2026-02-03T13:29:29.196346,57.3,37.6,28.2,25.7
2026-02-03T13:29:31.399865,57.3,36.7,28.1,26.0
2026-02-03T13:29:33.603457,56.75,35.1,28.1,25.8
2026-02-03T13:29:35.807814,58.4,42.3,28.1,26.2
2026-02-03T13:29:38.012691,56.75,36.5,28.1,25.5
2026-02-03T13:29:40.217743,58.4,40.3,28.2,25.5
2026-02-03T13:29:42.420279,58.4,39.6,28.1,25.7
2026-02-03T13:29:44.624467,57.3,35.9,28.1,26.1
2026-02-03T13:29:46.833474,57.3,46.3,28.2,26.5
2026-02-03T13:29:49.038551,57.85,32.5,28.1,25.4
2026-02-03T13:29:51.241396,57.3,42.2,28.2,25.9
2026-02-03T13:29:53.444178,57.85,32.8,28.2,26.0
2026-02-03T13:29:55.649819,58.4,34.9,28.2,26.0
2026-02-03T13:29:57.854901,57.3,43.9,28.1,26.6
2026-02-03T13:30:00.058624,57.85,32.2,28.1,26.2
2026-02-03T13:30:02.262636,58.4,44.3,28.2,27.4
2026-02-03T13:30:04.465849,57.3,35.3,28.2,26.3
2026-02-03T13:30:06.674352,56.75,33.6,28.2,25.8
2026-02-03T13:30:08.877800,58.95,42.5,28.2,26.2
2026-02-03T13:30:11.080033,58.4,30.3,28.2,26.0
2026-02-03T13:30:13.282978,57.85,42.0,28.1,25.2
2026-02-03T13:30:15.485282,58.95,32.0,28.1,26.3
2026-02-03T13:30:17.688135,57.3,33.0,28.2,25.3
2026-02-03T13:30:19.890374,57.85,42.1,28.2,25.9
2026-02-03T13:30:22.092860,57.85,37.1,28.1,26.2
2026-02-03T13:30:24.295085,58.4,44.5,28.2,25.5
2026-02-03T13:30:26.501618,58.4,52.9,28.1,25.5
2026-02-03T13:30:28.704663,59.5,43.7,28.2,25.4
2026-02-03T13:30:30.910114,60.05,45.1,28.2,25.9
2026-02-03T13:30:33.113427,58.4,32.8,28.2,25.9
2026-02-03T13:30:35.318111,60.6,42.2,28.2,25.3
2026-02-03T13:30:37.521353,57.85,33.2,28.2,25.2
2026-02-03T13:30:39.723947,57.85,33.3,28.2,25.3
2026-02-03T13:30:41.926894,58.4,46.3,28.2,26.1
2026-02-03T13:30:44.132455,57.85,36.4,28.2,25.9
2026-02-03T13:30:46.337529,59.5,41.0,28.2,25.5
2026-02-03T13:30:48.541128,57.3,31.4,28.2,25.3
2026-02-03T13:30:50.745421,56.75,32.4,28.2,25.3
2026-02-03T13:30:52.950118,56.75,51.6,28.2,26.4
2026-02-03T13:30:55.155095,57.3,31.0,28.2,25.5
2026-02-03T13:30:57.358896,56.75,45.5,28.2,25.5
2026-02-03T13:30:59.563989,57.3,30.9,28.2,25.6
2026-02-03T13:31:01.769167,58.95,34.4,28.2,25.8
2026-02-03T13:31:03.971960,58.4,42.7,28.2,26.0
2026-02-03T13:31:06.174418,57.3,33.7,28.2,25.2
2026-02-03T13:31:08.379521,58.95,49.5,28.2,25.6
2026-02-03T13:31:10.584844,57.3,36.5,28.1,25.2
2026-02-03T13:31:12.787626,56.75,36.5,28.2,26.4
2026-02-03T13:31:14.991403,56.75,44.7,28.1,26.9
2026-02-03T13:31:17.193554,56.2,34.6,28.2,25.4
2026-02-03T13:31:19.396778,57.85,45.2,28.1,25.9
2026-02-03T13:31:21.600848,56.75,33.5,28.2,26.0
2026-02-03T13:31:23.804820,56.2,30.2,28.2,26.2
2026-02-03T13:31:26.007608,57.85,38.7,28.1,26.1
2026-02-03T13:31:28.211018,56.75,34.4,28.2,25.9
2026-02-03T13:31:30.414955,56.75,43.2,28.1,25.9
2026-02-03T13:31:32.618570,57.3,36.2,28.2,26.6
2026-02-03T13:31:34.825627,57.85,52.2,28.2,25.7
2026-02-03T13:31:37.030466,57.3,55.2,28.2,26.2
2026-02-03T13:31:39.234820,56.2,35.2,28.2,25.8
2026-02-03T13:31:41.439115,56.2,40.5,28.2,26.4
2026-02-03T13:31:43.642253,56.2,32.6,28.2,25.5
2026-02-03T13:31:45.845267,56.75,34.1,28.2,25.9
2026-02-03T13:31:48.049815,58.4,46.1,28.2,25.7
2026-02-03T13:31:50.252280,55.65,38.4,28.2,26.2
2026-02-03T13:31:52.456212,57.85,43.7,28.2,26.0
2026-02-03T13:31:54.660097,56.2,36.2,28.2,25.3
2026-02-03T13:31:56.864675,56.75,44.6,28.2,25.4
2026-02-03T13:31:59.066643,56.75,37.1,28.1,25.3
2026-02-03T13:32:01.270455,56.75,37.6,28.2,25.6
2026-02-03T13:32:03.473781,57.85,42.9,28.2,25.6
2026-02-03T13:32:05.676926,56.75,31.6,28.2,25.3
2026-02-03T13:32:07.880005,56.75,42.5,28.2,25.7
2026-02-03T13:32:10.084842,56.2,34.4,28.2,25.8
2026-02-03T13:32:12.287687,57.3,35.5,28.2,25.8
2026-02-03T13:32:14.490872,56.75,45.0,28.2,25.8
2026-02-03T13:32:16.694552,57.85,36.4,28.2,25.2
2026-02-03T13:32:18.899703,57.85,38.9,28.2,25.6
2026-02-03T13:32:21.111493,55.65,34.8,28.2,25.9
2026-02-03T13:32:23.314313,56.75,34.4,28.2,25.4
2026-02-03T13:32:25.518951,56.2,42.5,28.2,25.4
2026-02-03T13:32:27.724205,55.65,34.5,28.2,25.3
2026-02-03T13:32:29.926694,57.85,41.3,28.2,26.2
2026-02-03T13:32:32.129840,55.65,39.0,28.2,26.1
2026-02-03T13:32:34.335208,56.2,34.7,28.2,25.6
2026-02-03T13:32:36.543359,57.3,44.6,28.2,26.3
2026-02-03T13:32:38.749118,57.85,33.5,28.2,26.0
2026-02-03T13:32:40.953863,56.2,38.6,28.2,26.3
2026-02-03T13:32:43.161719,56.75,40.9,28.2,26.1
2026-02-03T13:32:45.366985,55.65,31.8,28.2,25.8
2026-02-03T13:32:47.572667,55.65,46.5,28.2,26.0
2026-02-03T13:32:49.777708,55.65,34.3,28.2,26.1
2026-02-03T13:32:51.982474,55.1,42.7,28.2,25.2
2026-02-03T13:32:54.187013,55.65,34.4,28.2,25.3
2026-02-03T13:32:56.389268,56.75,32.7,28.2,26.1
2026-02-03T13:32:58.593171,56.75,44.4,28.2,26.0
2026-02-03T13:33:00.795249,55.65,34.2,28.2,25.7
2026-02-03T13:33:02.999664,57.3,40.9,28.2,25.4
2026-02-03T13:33:05.202850,55.65,34.5,28.2,25.4
2026-02-03T13:33:07.406254,55.65,33.3,28.2,26.2
2026-02-03T13:33:09.609064,57.3,43.3,28.2,25.5
2026-02-03T13:33:11.815926,56.75,32.9,28.2,25.4
2026-02-03T13:33:14.019860,56.75,39.5,28.1,25.3
2026-02-03T13:33:16.223648,56.2,34.2,28.2,25.3
2026-02-03T13:33:18.429583,55.65,33.0,28.2,25.9
2026-02-03T13:33:20.632117,56.75,50.8,28.2,25.4
2026-02-03T13:33:22.835069,56.2,33.2,28.2,25.4
2026-02-03T13:33:25.038174,57.85,44.9,28.2,25.3
2026-02-03T13:33:27.241841,57.85,37.9,28.2,26.0
2026-02-03T13:33:29.446025,57.85,36.9,28.2,25.3
2026-02-03T13:33:31.651166,56.75,43.6,28.2,26.2
2026-02-03T13:33:33.857815,56.2,33.1,28.2,25.6
2026-02-03T13:33:36.060233,58.4,42.3,28.2,26.0
2026-02-03T13:33:38.264509,57.3,34.0,28.2,26.3
2026-02-03T13:33:40.467911,56.75,32.9,28.2,25.7
2026-02-03T13:33:42.671352,57.3,42.1,28.2,25.9
2026-02-03T13:33:44.873563,57.3,33.8,28.2,25.9
2026-02-03T13:33:47.076672,56.75,43.9,28.2,26.1
2026-02-03T13:33:49.282066,56.75,32.0,28.2,26.1
2026-02-03T13:33:51.485549,58.4,41.9,28.2,26.5
2026-02-03T13:33:53.688342,56.75,39.1,28.3,25.7
2026-02-03T13:33:55.891233,57.85,32.2,28.2,26.0
2026-02-03T13:33:58.101836,57.3,43.3,28.2,26.5
2026-02-03T13:34:00.305561,58.4,32.9,28.2,26.2
2026-02-03T13:34:02.509198,57.85,37.5,28.3,25.8
2026-02-03T13:34:04.715891,57.3,35.2,28.2,26.0
2026-02-03T13:34:06.919306,57.85,32.6,28.2,26.4
2026-02-03T13:34:09.124525,57.85,43.5,28.2,25.6
2026-02-03T13:34:11.328858,57.85,37.4,28.2,26.4
2026-02-03T13:34:13.532598,58.95,36.1,28.2,26.2
2026-02-03T13:34:15.743028,58.95,42.3,28.2,26.1
2026-02-03T13:34:17.945047,58.4,33.6,28.2,26.1
2026-02-03T13:34:20.148821,57.85,42.4,28.2,25.3
2026-02-03T13:34:22.355396,57.85,33.3,28.2,26.1
2026-02-03T13:34:24.557334,57.3,34.3,28.2,26.3
2026-02-03T13:34:26.760350,58.95,45.1,28.2,25.6
2026-02-03T13:34:28.962316,57.85,35.9,28.2,25.5
2026-02-03T13:34:31.180227,57.3,43.5,28.2,25.7
2026-02-03T13:34:33.384352,60.05,37.5,28.2,26.0
2026-02-03T13:34:35.588061,57.85,37.9,28.2,25.8
2026-02-03T13:34:37.791806,58.4,42.3,28.3,25.4
2026-02-03T13:34:39.997643,58.95,33.5,28.2,25.3
2026-02-03T13:34:42.201517,59.5,44.9,28.3,24.9
2026-02-03T13:34:44.403623,58.4,36.6,28.3,25.5
2026-02-03T13:34:46.610497,58.95,33.9,28.3,25.5
2026-02-03T13:34:48.813115,58.4,41.6,28.3,25.4
2026-02-03T13:34:51.016949,58.4,35.9,28.3,25.2
2026-02-03T13:34:53.220090,57.85,43.9,28.3,25.9
2026-02-03T13:34:55.423988,58.4,34.8,28.3,25.7
2026-02-03T13:34:57.629810,57.85,42.8,28.3,25.8
2026-02-03T13:34:59.838577,57.85,33.6,28.3,25.5
2026-02-03T13:35:02.043867,57.3,36.4,28.3,25.9
2026-02-03T13:35:04.250415,57.3,41.7,28.3,26.4
2026-02-03T13:35:06.452874,57.3,34.6,28.2,25.3
2026-02-03T13:35:08.656966,58.95,43.4,28.2,26.5
2026-02-03T13:35:10.860440,59.5,31.4,28.3,25.6
2026-02-03T13:35:13.065309,58.4,33.9,28.3,26.0
2026-02-03T13:35:15.267898,59.5,43.3,28.2,26.0
2026-02-03T13:35:17.472003,58.4,33.7,28.2,25.4
2026-02-03T13:35:19.675430,59.5,42.1,28.3,25.6
2026-02-03T13:35:21.878029,58.4,37.3,28.2,25.3
2026-02-03T13:35:24.085410,58.4,33.5,28.2,26.1
2026-02-03T13:35:26.288453,57.85,44.2,28.2,26.8
2026-02-03T13:35:28.491723,58.95,37.0,28.2,25.3
2026-02-03T13:35:30.694288,58.95,41.5,28.3,25.4
2026-02-03T13:35:32.897819,57.85,32.7,28.3,26.1
2026-02-03T13:35:35.100478,57.85,34.4,28.3,26.1
2026-02-03T13:35:37.304512,57.85,44.2,28.3,26.0
2026-02-03T13:35:39.507669,57.85,35.2,28.3,25.2
2026-02-03T13:35:41.710607,60.05,54.0,28.3,26.6
2026-02-03T13:35:43.914624,61.15,53.7,28.2,26.1
2026-02-03T13:35:46.122763,58.95,53.5,28.3,26.0
2026-02-03T13:35:48.325405,56.75,58.9,28.3,25.8
2026-02-03T13:35:50.534433,57.85,35.7,28.3,25.9
2026-02-03T13:35:52.738977,58.4,45.7,28.3,27.0
2026-02-03T13:35:54.943153,57.85,32.8,28.2,26.1
2026-02-03T13:35:57.146049,57.85,33.1,28.3,25.8
2026-02-03T13:35:59.356264,57.85,43.6,28.2,25.8
2026-02-03T13:36:01.560706,56.75,35.6,28.3,26.1
2026-02-03T13:36:03.773512,57.3,42.1,28.3,26.5
2026-02-03T13:36:05.975758,57.3,34.0,28.3,26.1
2026-02-03T13:36:08.181999,57.3,37.0,28.3,25.9
2026-02-03T13:36:10.385892,57.85,42.3,28.3,26.2
2026-02-03T13:36:12.589507,57.85,35.4,28.3,25.5
2026-02-03T13:36:14.793150,58.4,45.0,28.3,27.0
2026-02-03T13:36:16.995313,58.4,33.4,28.3,25.8
2026-02-03T13:36:19.197844,57.85,40.7,28.3,25.8
2026-02-03T13:36:21.401355,58.95,34.9,28.3,25.8
2026-02-03T13:36:23.604937,57.85,33.0,28.3,25.7
2026-02-03T13:36:25.807969,56.75,44.3,28.3,26.3
2026-02-03T13:36:28.011530,56.2,28.5,28.3,25.8
2026-02-03T13:36:30.214390,58.95,53.4,28.2,26.1
2026-02-03T13:36:32.420701,56.75,47.6,28.3,25.5
2026-02-03T13:36:34.626971,57.85,34.1,28.3,26.1
2026-02-03T13:36:36.830571,56.2,42.1,28.3,26.1
2026-02-03T13:36:39.035444,57.3,33.0,28.3,26.1
2026-02-03T13:36:41.238503,57.3,48.2,28.3,25.6
2026-02-03T13:36:43.441919,58.4,34.1,28.3,25.4
2026-02-03T13:36:45.644694,56.2,31.5,28.3,26.0
2026-02-03T13:36:47.847868,56.75,41.0,28.3,25.7
2026-02-03T13:36:50.051418,56.75,36.9,28.3,25.3
2026-02-03T13:36:52.255556,56.75,41.7,28.3,25.2
2026-02-03T13:36:54.457766,56.75,34.4,28.3,25.4
2026-02-03T13:36:56.660296,58.4,39.2,28.3,25.7
2026-02-03T13:36:58.862551,56.75,31.9,28.3,25.4
2026-02-03T13:37:01.066236,56.75,34.2,28.4,25.2
2026-02-03T13:37:03.269743,57.85,41.1,28.3,26.3
2026-02-03T13:37:05.472755,56.75,32.6,28.3,25.4
2026-02-03T13:37:07.678155,57.3,38.4,28.4,25.6
2026-02-03T13:37:09.884413,57.3,34.1,28.3,25.7
2026-02-03T13:37:12.087100,56.2,35.7,28.3,25.7
2026-02-03T13:37:14.292730,55.65,44.0,28.3,25.9
2026-02-03T13:37:16.495916,55.65,33.8,28.3,25.3
2026-02-03T13:37:18.699513,56.2,35.7,28.3,26.0
2026-02-03T13:37:20.901821,55.65,39.8,28.3,25.3
2026-02-03T13:37:23.105523,55.65,32.9,28.3,25.3
2026-02-03T13:37:25.308806,55.65,38.9,28.3,25.5
2026-02-03T13:37:27.512823,55.65,32.5,28.3,25.5
2026-02-03T13:37:29.717391,56.75,30.7,28.3,25.5
2026-02-03T13:37:31.926877,56.2,42.7,28.3,25.3
2026-02-03T13:37:34.129174,55.65,30.6,28.3,25.3
2026-02-03T13:37:36.333589,56.75,42.2,28.3,24.9
2026-02-03T13:37:38.538474,55.65,33.0,28.3,25.8
2026-02-03T13:37:40.742228,55.65,32.5,28.3,25.2
2026-02-03T13:37:42.947220,55.65,40.3,28.3,25.9
2026-02-03T13:37:45.150319,57.3,30.5,28.3,25.9
2026-02-03T13:37:47.354510,57.3,41.5,28.3,26.0
2026-02-03T13:37:49.557675,55.65,34.6,28.4,26.1
2026-02-03T13:37:51.761012,55.65,41.0,28.4,25.6
2026-02-03T13:37:53.963675,55.65,36.1,28.4,25.4
2026-02-03T13:37:56.166612,55.65,33.9,28.3,26.1
2026-02-03T13:37:58.369854,58.4,45.5,28.3,26.5
2026-02-03T13:38:00.573199,55.65,35.1,28.3,25.5
2026-02-03T13:38:02.775235,55.65,42.6,28.4,26.3
2026-02-03T13:38:04.982392,55.1,32.1,28.4,25.4
2026-02-03T13:38:07.185711,55.65,35.2,28.4,25.3
2026-02-03T13:38:09.389823,54.0,40.4,28.3,25.3
2026-02-03T13:38:11.593503,55.65,34.5,28.3,25.3
2026-02-03T13:38:13.796129,56.75,42.6,28.3,25.6
2026-02-03T13:38:15.999630,55.1,47.8,28.3,25.3
2026-02-03T13:38:18.206950,55.1,52.2,28.3,25.3
2026-02-03T13:38:20.411829,56.75,61.1,28.3,25.6
2026-02-03T13:38:22.614706,56.75,38.6,28.3,25.5
2026-02-03T13:38:24.819559,55.65,41.1,28.3,25.4
2026-02-03T13:38:27.022507,55.65,34.8,28.3,25.3
2026-02-03T13:38:29.226508,55.65,33.4,28.3,25.6
2026-02-03T13:38:31.430731,55.65,41.3,28.3,25.9
2026-02-03T13:38:33.634466,56.2,33.6,28.3,25.5
2026-02-03T13:38:35.837868,56.2,44.0,28.3,25.7
2026-02-03T13:38:38.045434,55.65,33.7,28.3,25.4
2026-02-03T13:38:40.250204,56.75,34.7,28.3,25.7
2026-02-03T13:38:42.453049,55.1,42.2,28.3,25.9
2026-02-03T13:38:44.655899,56.2,33.1,28.3,25.9
2026-02-03T13:38:46.859374,57.3,40.5,28.3,25.6
2026-02-03T13:38:49.068480,55.1,33.8,28.3,25.5
2026-02-03T13:38:51.272803,56.2,47.8,28.3,26.0
2026-02-03T13:38:53.478724,56.2,44.6,28.3,26.1
2026-02-03T13:38:55.682731,55.65,29.8,28.3,26.1
2026-02-03T13:38:57.887054,55.1,40.6,28.3,25.7
2026-02-03T13:39:00.090444,56.2,34.3,28.4,26.0
2026-02-03T13:39:02.294283,56.2,33.1,28.4,26.3
2026-02-03T13:39:04.504573,55.65,41.2,28.3,25.8
2026-02-03T13:39:06.708161,55.65,32.2,28.3,25.6
2026-02-03T13:39:08.916889,55.65,42.5,28.3,26.1
2026-02-03T13:39:11.118774,56.2,33.5,28.3,26.6
2026-02-03T13:39:13.321256,55.65,33.8,28.3,26.1
2026-02-03T13:39:15.523519,56.75,43.7,28.3,26.3
2026-02-03T13:39:17.726770,58.4,32.2,28.3,25.7
2026-02-03T13:39:19.930928,56.75,44.7,28.3,26.3
2026-02-03T13:39:22.133538,55.65,39.3,28.3,26.4
2026-02-03T13:39:24.337121,55.65,37.0,28.3,26.0
2026-02-03T13:39:26.542148,55.65,46.7,28.3,26.6
2026-02-03T13:39:28.747616,55.65,33.3,28.3,26.3
2026-02-03T13:39:30.952065,57.3,49.3,28.3,26.5
2026-02-03T13:39:33.155954,56.2,35.5,28.3,26.4
2026-02-03T13:39:35.358836,56.75,33.2,28.3,25.4
2026-02-03T13:39:37.560885,56.75,44.1,28.3,25.4
2026-02-03T13:39:39.763660,56.75,34.1,28.3,25.4
2026-02-03T13:39:41.968401,57.85,46.6,28.3,26.4
2026-02-03T13:39:44.171632,56.75,35.4,28.3,25.3
2026-02-03T13:39:46.375837,57.85,34.7,28.3,25.3
2026-02-03T13:39:48.578583,57.3,45.1,28.3,26.3
2026-02-03T13:39:50.783544,56.75,33.8,28.3,26.1
2026-02-03T13:39:52.989020,56.75,42.4,28.3,25.6
2026-02-03T13:39:55.193289,57.85,38.1,28.3,25.8
2026-02-03T13:39:57.398125,57.3,44.3,28.3,25.3
2026-02-03T13:39:59.601348,57.3,31.6,28.3,25.7
2026-02-03T13:40:01.806074,57.3,35.0,28.3,25.4
2026-02-03T13:40:04.009826,56.75,40.4,28.3,25.7
2026-02-03T13:40:06.214673,58.4,32.8,28.4,25.2
2026-02-03T13:40:08.419501,57.85,43.6,28.3,25.3
2026-02-03T13:40:10.625841,56.75,32.1,28.3,25.6
2026-02-03T13:40:12.827974,57.3,33.6,28.3,25.3
2026-02-03T13:40:15.032513,56.75,42.9,28.3,26.5
2026-02-03T13:40:17.239864,57.85,36.6,28.4,25.3
2026-02-03T13:40:19.442610,59.5,40.0,28.4,25.6
2026-02-03T13:40:21.646375,58.4,34.8,28.4,26.3
2026-02-03T13:40:23.850298,58.4,34.3,28.3,25.6
2026-02-03T13:40:26.052417,56.75,40.2,28.3,26.4
2026-02-03T13:40:28.254944,57.85,37.1,28.3,25.5
2026-02-03T13:40:30.459539,60.05,41.0,28.3,26.1
2026-02-03T13:40:32.670346,57.3,38.1,28.3,26.1
2026-02-03T13:40:34.874882,57.85,36.5,28.3,25.8
2026-02-03T13:40:37.078274,57.85,45.4,28.3,27.5
2026-02-03T13:40:39.280737,58.4,32.6,28.3,26.1
2026-02-03T13:40:41.483968,59.5,46.5,28.4,26.0
2026-02-03T13:40:43.691145,58.4,65.9,28.3,25.7
2026-02-03T13:40:45.898401,56.75,41.1,28.3,25.5
2026-02-03T13:40:48.106198,58.4,47.0,28.3,26.7
2026-02-03T13:40:50.310496,59.5,36.9,28.3,26.4
2026-02-03T13:40:52.514375,57.85,51.6,28.3,26.9
2026-02-03T13:40:54.718816,56.75,39.1,28.3,26.1
2026-02-03T13:40:56.924525,57.3,35.2,28.4,26.1
2026-02-03T13:40:59.128687,58.95,42.2,28.3,26.0
2026-02-03T13:41:01.332245,58.4,37.0,28.3,26.3
2026-02-03T13:41:03.535446,58.4,46.0,28.3,25.9
2026-02-03T13:41:05.738242,57.85,34.9,28.3,25.8
2026-02-03T13:41:07.943471,57.3,33.1,28.4,26.0
2026-02-03T13:41:10.146854,57.3,45.0,28.3,26.1
2026-02-03T13:41:12.352480,57.3,38.9,28.3,26.1
2026-02-03T13:41:14.555892,58.4,49.2,28.3,25.3
2026-02-03T13:41:16.763096,57.85,46.3,28.3,25.4
2026-02-03T13:41:18.967619,57.85,36.1,28.4,26.0
2026-02-03T13:41:21.171883,57.85,42.0,28.3,25.9
2026-02-03T13:41:23.373998,58.4,31.4,28.3,25.5
2026-02-03T13:41:25.576585,57.85,43.8,28.3,25.6
2026-02-03T13:41:27.781244,56.75,34.5,28.3,25.8
2026-02-03T13:41:29.986411,57.3,29.0,28.3,26.5
2026-02-03T13:41:32.191847,56.75,40.9,28.3,25.8
2026-02-03T13:41:34.398016,56.75,34.2,28.3,25.7
2026-02-03T13:41:36.603193,57.85,44.6,28.3,25.6
2026-02-03T13:41:38.811104,57.85,36.0,28.3,26.1
2026-02-03T13:41:41.014665,56.75,35.3,28.4,25.9
2026-02-03T13:41:43.219071,56.75,45.0,28.3,25.4
2026-02-03T13:41:45.423615,56.75,33.0,28.4,25.6
2026-02-03T13:41:47.627835,57.85,42.3,28.3,26.0
2026-02-03T13:41:49.830506,56.2,31.8,28.3,25.7
2026-02-03T13:41:52.034190,57.3,41.1,28.4,25.4
2026-02-03T13:41:54.238087,56.75,36.9,28.3,25.5
2026-02-03T13:41:56.442530,56.75,33.9,28.3,25.9
2026-02-03T13:41:58.647386,56.2,43.4,28.3,26.4
2026-02-03T13:42:00.849816,56.75,37.6,28.4,26.0
2026-02-03T13:42:03.054051,57.85,41.0,28.4,25.2
2026-02-03T13:42:05.262012,59.5,40.4,28.3,25.9
2026-02-03T13:42:07.469416,57.85,38.2,28.3,26.3
2026-02-03T13:42:09.676092,57.85,49.1,28.3,26.2
2026-02-03T13:42:11.884250,57.3,43.9,28.3,26.9
2026-02-03T13:42:14.087599,58.95,43.1,28.4,25.7
2026-02-03T13:42:16.292364,56.2,39.7,28.3,26.0
2026-02-03T13:42:18.496969,56.2,33.7,28.3,26.3
2026-02-03T13:42:20.701238,56.2,42.7,28.3,25.6
2026-02-03T13:42:22.904099,56.2,32.6,28.3,25.9
2026-02-03T13:42:25.109437,56.2,37.2,28.3,26.0
2026-02-03T13:42:27.314626,57.3,40.7,28.3,25.5
2026-02-03T13:42:29.517339,55.65,33.2,28.3,25.6
2026-02-03T13:42:31.723082,56.75,42.8,28.3,24.9
2026-02-03T13:42:33.925226,55.65,32.5,28.3,25.3
2026-02-03T13:42:36.128985,57.3,34.7,28.3,26.4
2026-02-03T13:42:38.331111,55.65,40.5,28.3,25.3
2026-02-03T13:42:40.534714,56.75,34.0,28.4,25.5
2026-02-03T13:42:42.742282,56.75,47.2,28.5,25.9
2026-02-03T13:42:44.945755,56.75,34.4,28.4,25.2
2026-02-03T13:42:47.148960,56.75,38.1,28.6,25.5
2026-02-03T13:42:49.353172,58.4,55.4,28.6,25.1
2026-02-03T13:42:51.557527,56.75,37.2,28.6,25.4
2026-02-03T13:42:53.762257,56.75,43.6,28.5,26.1
2026-02-03T13:42:55.964882,57.3,36.2,28.5,25.5
2026-02-03T13:42:58.166973,58.4,43.0,28.5,25.9
2026-02-03T13:43:00.370598,56.75,36.3,28.5,25.4
2026-02-03T13:43:02.575749,57.85,34.9,28.5,25.4
2026-02-03T13:43:04.780396,58.95,47.3,28.5,26.2
2026-02-03T13:43:06.986511,56.75,36.2,28.4,25.3
2026-02-03T13:43:09.189933,56.75,41.9,28.3,25.3
2026-02-03T13:43:11.393652,56.75,43.2,28.4,25.3
2026-02-03T13:43:13.598624,55.1,34.4,28.4,25.3
2026-02-03T13:43:15.801373,56.75,44.3,28.4,26.2
2026-02-03T13:43:18.006201,57.3,33.6,28.4,25.3
2026-02-03T13:43:20.208633,58.4,42.5,28.3,25.9
2026-02-03T13:43:22.411212,57.85,34.9,28.3,26.0
2026-02-03T13:43:24.614168,56.75,33.5,28.4,26.0
2026-02-03T13:43:26.821028,56.2,44.3,28.3,26.5
2026-02-03T13:43:29.024660,56.2,35.9,28.3,26.0
2026-02-03T13:43:31.228856,57.3,42.3,28.3,25.4
2026-02-03T13:43:33.431768,57.3,34.5,28.3,26.1
2026-02-03T13:43:35.636052,56.2,33.6,28.3,26.1
2026-02-03T13:43:37.839110,56.2,43.3,28.3,26.7
2026-02-03T13:43:40.045818,57.3,34.4,28.3,25.9
2026-02-03T13:43:42.248039,58.4,44.0,28.3,25.7
2026-02-03T13:43:44.454280,57.3,35.1,28.3,26.1
2026-02-03T13:43:46.656538,55.65,34.9,28.4,26.2
2026-02-03T13:43:48.859015,55.65,44.1,28.3,25.7
2026-02-03T13:43:51.061313,55.65,33.2,28.4,26.1
2026-02-03T13:43:53.265828,56.75,44.7,28.3,26.3
2026-02-03T13:43:55.469000,56.2,35.3,28.3,25.6
2026-02-03T13:43:57.674299,56.2,39.5,28.4,25.6
2026-02-03T13:43:59.881050,56.2,44.1,28.3,25.2
2026-02-03T13:44:02.084007,55.65,35.4,28.4,26.0
2026-02-03T13:44:04.286424,58.4,41.7,28.4,26.8
2026-02-03T13:44:06.489027,55.65,31.7,28.4,25.6
2026-02-03T13:44:08.691215,56.75,33.2,28.4,25.5
2026-02-03T13:44:10.893761,55.65,43.5,28.3,26.2
2026-02-03T13:44:13.095651,55.65,31.8,28.4,25.9
2026-02-03T13:44:15.302124,56.75,47.0,28.3,25.7
2026-02-03T13:44:17.506482,56.75,36.2,28.3,25.3
2026-02-03T13:44:19.709526,56.2,31.6,28.3,25.2
2026-02-03T13:44:21.915318,56.2,43.9,28.3,26.3
2026-02-03T13:44:24.118343,57.3,33.1,28.3,26.1
2026-02-03T13:44:26.323501,57.3,48.6,28.3,26.2
2026-02-03T13:44:28.529514,58.95,54.4,28.3,25.3
2026-02-03T13:44:30.733324,56.2,39.6,28.4,26.2
2026-02-03T13:44:32.935737,57.3,46.5,28.4,26.0
2026-02-03T13:44:35.138328,56.2,31.4,28.4,25.3
2026-02-03T13:44:37.341422,56.2,44.8,28.3,25.8
2026-02-03T13:44:39.546109,56.75,37.4,28.3,25.4
2026-02-03T13:44:41.750871,55.65,35.7,28.4,25.6
2026-02-03T13:44:43.954733,56.2,42.4,28.4,27.3
2026-02-03T13:44:46.160636,57.3,36.8,28.5,25.4
2026-02-03T13:44:48.363161,55.1,42.1,28.5,25.3
2026-02-03T13:44:50.566415,55.65,34.9,28.5,25.5
2026-02-03T13:44:52.770862,56.2,44.7,28.6,26.0
2026-02-03T13:44:54.974931,55.65,35.8,28.5,26.2
2026-02-03T13:44:57.177730,55.65,36.5,28.6,25.4
2026-02-03T13:44:59.382803,56.2,48.0,28.5,26.6
2026-02-03T13:45:01.593831,56.2,33.5,28.5,26.1
2026-02-03T13:45:03.795886,58.4,46.7,28.5,26.1
2026-02-03T13:45:05.999396,57.85,35.3,28.5,26.0
2026-02-03T13:45:08.202699,55.65,39.6,28.4,25.6
2026-02-03T13:45:10.405863,56.2,44.4,28.4,26.0
2026-02-03T13:45:12.608370,58.4,35.9,28.4,26.1
2026-02-03T13:45:14.813860,56.75,42.7,28.4,25.8
2026-02-03T13:45:17.017372,56.75,33.8,28.4,25.5
2026-02-03T13:45:19.222266,57.3,35.2,28.4,26.2
2026-02-03T13:45:21.426703,58.4,50.0,28.4,26.4
2026-02-03T13:45:23.629094,57.3,34.4,28.4,26.2
2026-02-03T13:45:25.835199,58.4,41.6,28.4,25.4
2026-02-03T13:45:28.049201,58.4,35.3,28.4,25.3
2026-02-03T13:45:30.254929,58.95,37.8,28.4,26.2
2026-02-03T13:45:32.459912,57.3,45.4,28.4,26.8
2026-02-03T13:45:34.661823,57.3,33.2,28.4,25.3
2026-02-03T13:45:36.864049,58.4,43.5,28.4,25.4
2026-02-03T13:45:39.080325,58.4,47.1,28.3,25.7
2026-02-03T13:45:41.283979,57.85,36.4,28.4,25.5
2026-02-03T13:45:43.488458,57.85,43.5,28.4,25.3
2026-02-03T13:45:45.692892,57.85,33.9,28.3,25.3
2026-02-03T13:45:47.895585,58.4,35.8,28.4,25.3
2026-02-03T13:45:50.100163,58.95,45.3,28.4,26.2
2026-02-03T13:45:52.302765,58.95,34.5,28.4,25.6
2026-02-03T13:45:54.505572,57.85,46.1,28.4,25.3
2026-02-03T13:45:56.710840,57.85,35.5,28.4,25.4
2026-02-03T13:45:58.913912,58.4,48.8,28.4,28.0
2026-02-03T13:46:01.120101,57.85,31.9,28.4,26.2
2026-02-03T13:46:03.322304,57.3,34.8,28.4,25.4
2026-02-03T13:46:05.525674,57.85,44.0,28.4,25.5
2026-02-03T13:46:07.730176,57.85,38.8,28.4,26.2
2026-02-03T13:46:09.934481,58.95,46.6,28.3,25.8
2026-02-03T13:46:12.138491,58.4,40.4,28.4,26.2
2026-02-03T13:46:14.344367,58.4,33.7,28.4,25.7
2026-02-03T13:46:16.550620,58.95,49.0,28.4,25.9
2026-02-03T13:46:18.752895,57.85,35.2,28.4,26.0
2026-02-03T13:46:20.957102,59.5,44.2,28.4,26.2
2026-02-03T13:46:23.159627,57.85,36.3,28.4,26.2
2026-02-03T13:46:25.362713,58.4,34.8,28.4,26.0
2026-02-03T13:46:27.567782,58.4,45.5,28.4,25.9
2026-02-03T13:46:29.769883,58.4,35.1,28.4,26.2
2026-02-03T13:46:31.974282,57.85,43.8,28.4,25.9
2026-02-03T13:46:34.178310,57.3,28.8,28.4,25.7
2026-02-03T13:46:36.382558,57.3,33.4,28.4,26.5
2026-02-03T13:46:38.589376,58.4,48.1,28.4,26.3
2026-02-03T13:46:40.791567,58.4,35.4,28.4,26.1
2026-02-03T13:46:42.994760,56.75,42.5,28.4,25.2
2026-02-03T13:46:45.201833,57.85,31.6,28.4,25.2
2026-02-03T13:46:47.406379,58.4,34.7,28.4,26.1
2026-02-03T13:46:49.609291,57.85,44.1,28.4,26.3
2026-02-03T13:46:51.815985,57.3,36.3,28.4,26.0
2026-02-03T13:46:54.019324,57.85,50.5,28.4,25.8
2026-02-03T13:46:56.222466,57.85,35.9,28.4,25.3
2026-02-03T13:46:58.425093,56.2,36.8,28.4,25.6
2026-02-03T13:47:00.628473,58.95,46.2,28.4,25.4
2026-02-03T13:47:02.833847,58.4,34.1,28.4,25.5
2026-02-03T13:47:05.037995,56.75,44.4,28.4,25.4
2026-02-03T13:47:07.241893,57.85,34.0,28.4,25.3
2026-02-03T13:47:09.449920,56.75,36.5,28.4,25.5
2026-02-03T13:47:11.653988,57.3,42.2,28.4,25.3
2026-02-03T13:47:13.858236,57.3,32.4,28.4,25.4
2026-02-03T13:47:16.061428,56.75,43.2,28.4,25.7
2026-02-03T13:47:18.264413,56.75,36.3,28.4,26.5
2026-02-03T13:47:20.468363,58.4,36.4,28.4,25.7
2026-02-03T13:47:22.677373,57.3,45.2,28.4,25.3
2026-02-03T13:47:24.880273,57.3,32.4,28.4,25.2
2026-02-03T13:47:27.090185,56.75,49.5,28.4,25.3
2026-02-03T13:47:29.296933,56.75,33.1,28.4,25.6
2026-02-03T13:47:31.499383,56.75,37.3,28.4,25.3
2026-02-03T13:47:33.702218,56.75,46.9,28.4,26.0
2026-02-03T13:47:35.904347,56.75,36.1,28.4,25.5
2026-02-03T13:47:38.107704,57.85,44.5,28.4,26.6
2026-02-03T13:47:40.309889,56.75,35.9,28.4,25.2
2026-02-03T13:47:42.514827,56.2,33.7,28.4,25.3
2026-02-03T13:47:44.719670,57.3,42.8,28.4,25.6
2026-02-03T13:47:46.925915,57.3,40.0,28.4,25.9
2026-02-03T13:47:49.129638,56.2,45.7,28.4,26.1
2026-02-03T13:47:51.333463,56.75,35.3,28.4,25.5
2026-02-03T13:47:53.538764,58.4,40.6,28.4,25.5
2026-02-03T13:47:55.750897,57.3,41.3,28.4,26.2
2026-02-03T13:47:57.954865,56.2,34.1,28.4,26.0
2026-02-03T13:48:00.157542,57.3,55.2,28.4,26.3
2026-02-03T13:48:02.365974,58.4,55.5,28.4,25.5
2026-02-03T13:48:04.570538,58.95,44.7,28.4,26.0
2026-02-03T13:48:06.777707,56.2,47.9,28.4,26.5
2026-02-03T13:48:08.980308,56.2,35.4,28.4,26.3
2026-02-03T13:48:11.184559,55.65,43.3,28.4,25.9
2026-02-03T13:48:13.389839,56.2,34.4,28.4,26.0
2026-02-03T13:48:15.594515,57.3,38.4,28.4,26.2
2026-02-03T13:48:17.803093,56.2,46.3,28.5,26.2
2026-02-03T13:48:20.005270,55.65,33.4,28.5,25.9
2026-02-03T13:48:22.210889,56.75,44.1,28.5,25.4
2026-02-03T13:48:24.418178,56.75,33.4,28.5,26.0
2026-02-03T13:48:26.622900,56.75,44.6,28.5,26.1
2026-02-03T13:48:28.836678,57.3,41.4,28.4,25.7
2026-02-03T13:48:31.042092,55.65,35.5,28.5,25.3
2026-02-03T13:48:33.247369,56.75,45.1,28.5,25.8
2026-02-03T13:48:35.450734,56.75,33.1,28.5,25.9
2026-02-03T13:48:37.655093,57.85,46.0,28.5,25.9
2026-02-03T13:48:39.866996,56.2,36.3,28.4,25.7
2026-02-03T13:48:42.070938,56.2,39.7,28.5,25.3
2026-02-03T13:48:44.274207,55.65,42.8,28.4,26.3
2026-02-03T13:48:46.477820,56.2,35.1,28.4,25.9
2026-02-03T13:48:48.681009,56.75,43.8,28.4,25.3
2026-02-03T13:48:50.884509,55.65,32.7,28.4,25.2
2026-02-03T13:48:53.088849,55.65,33.3,28.5,25.7
2026-02-03T13:48:55.291728,57.3,50.3,28.4,25.6
2026-02-03T13:48:57.496171,56.75,35.1,28.4,25.7
2026-02-03T13:48:59.698336,57.3,44.5,28.4,25.2
2026-02-03T13:49:01.902823,55.65,39.4,28.5,25.3
2026-02-03T13:49:04.104980,54.55,33.3,28.4,25.3
2026-02-03T13:49:06.316003,55.65,44.6,28.4,26.8
2026-02-03T13:49:08.519885,56.75,33.0,28.4,25.3
2026-02-03T13:49:10.725722,56.75,41.2,28.4,25.4
2026-02-03T13:49:12.930726,57.3,42.6,28.4,25.4
2026-02-03T13:49:15.134731,55.1,35.6,28.4,25.9
2026-02-03T13:49:17.339801,56.75,49.2,28.4,25.5
2026-02-03T13:49:19.544129,55.65,35.5,28.4,25.3
2026-02-03T13:49:21.746671,57.3,43.4,28.4,25.4
2026-02-03T13:49:23.951366,56.2,39.8,28.4,26.0
2026-02-03T13:49:26.156290,55.65,33.2,28.5,25.9
2026-02-03T13:49:28.361821,55.65,43.6,28.4,25.3
2026-02-03T13:49:30.567146,56.75,36.6,28.4,25.3
2026-02-03T13:49:32.773371,56.2,37.7,28.5,25.9
2026-02-03T13:49:34.981435,56.2,43.5,28.5,26.5
2026-02-03T13:49:37.185511,56.2,39.2,28.5,25.9
2026-02-03T13:49:39.389085,57.3,43.8,28.4,25.7
2026-02-03T13:49:41.593008,56.75,33.6,28.5,26.3
2026-02-03T13:49:43.797151,55.65,40.0,28.5,26.4
2026-02-03T13:49:46.001569,57.3,47.6,28.5,25.5
2026-02-03T13:49:48.204881,57.3,38.2,28.5,25.9
2026-02-03T13:49:50.408751,56.2,45.6,28.5,25.2
2026-02-03T13:49:52.612798,56.75,36.5,28.5,26.0
2026-02-03T13:49:54.818135,57.85,45.4,28.5,26.3
2026-02-03T13:49:57.021506,56.75,39.9,28.5,26.2
2026-02-03T13:49:59.223742,56.75,32.3,28.5,25.8
2026-02-03T13:50:01.429842,56.75,45.5,28.5,25.0
2026-02-03T13:50:03.641516,58.4,36.4,28.5,26.1
2026-02-03T13:50:05.844532,58.4,42.9,28.5,25.8
2026-02-03T13:50:08.046893,56.2,38.8,28.4,25.9
2026-02-03T13:50:10.249431,57.3,32.2,28.4,25.2
2026-02-03T13:50:12.457286,57.3,47.4,28.4,25.9
2026-02-03T13:50:14.659850,57.85,36.2,28.4,26.1
2026-02-03T13:50:16.862591,57.3,45.3,28.4,25.7
2026-02-03T13:50:19.067610,59.5,37.1,28.4,25.2
2026-02-03T13:50:21.272103,56.75,34.5,28.5,25.2
2026-02-03T13:50:23.476208,57.85,49.9,28.4,26.1
2026-02-03T13:50:25.687505,57.85,36.1,28.5,25.5
2026-02-03T13:50:27.894800,58.95,42.6,28.4,25.2
2026-02-03T13:50:30.096868,57.3,31.3,28.4,25.2
2026-02-03T13:50:32.300138,58.95,46.6,28.5,25.8
2026-02-03T13:50:34.502406,58.4,62.0,28.5,25.3
2026-02-03T13:50:36.706494,57.85,39.3,28.5,25.3
2026-02-03T13:50:38.908693,58.95,43.5,28.5,25.4
2026-02-03T13:50:41.112502,57.3,45.4,28.4,25.7
2026-02-03T13:50:43.317966,60.05,54.8,28.5,26.0
