timestamp,temperature_C,cpu_percent,memory_percent,cpu_freq_MHz,cpu_voltage_V,throttled_flags_hex,npu_utilization_percent,hailo_temp_C,hailo_clock_MHz
2026-03-10T19:08:58.328086,47.4,50.0,24.2,2400.027136,0.8487,0x0,,40.80657958984375,400.0
2026-03-10T19:09:00.775080,49.05,26.0,24.7,2400.023808,0.8487,0x0,,40.958335876464844,400.0
2026-03-10T19:09:03.002064,49.05,27.6,25.1,1900.019584,0.8487,0x0,11.5,41.160682678222656,400.0
2026-03-10T19:09:05.224150,49.6,33.4,25.1,2400.03712,0.8487,0x0,27.5,41.31243896484375,400.0
2026-03-10T19:09:07.443744,49.6,41.6,25.2,2400.033792,0.8487,0x0,27.7,41.51478576660156,400.0
2026-03-10T19:09:09.663115,49.6,45.7,25.3,1900.016256,0.8487,0x0,28.2,41.51478576660156,400.0
2026-03-10T19:09:11.883629,51.25,33.1,25.3,2400.017408,0.8487,0x0,27.3,41.71712875366211,400.0
2026-03-10T19:09:14.116580,49.6,38.5,25.3,2400.027136,0.8487,0x0,27.4,41.818302154541016,400.0
2026-03-10T19:09:16.337515,50.15,42.5,25.3,2400.02048,0.8487,0x0,27.8,41.970062255859375,400.0
2026-03-10T19:09:18.561922,50.15,37.7,25.2,2400.030464,0.8487,0x0,27.8,41.970062255859375,400.0
2026-03-10T19:09:20.782466,50.15,37.9,25.2,1800.022016,0.8487,0x0,27.6,42.02064895629883,400.0
2026-03-10T19:09:23.008731,49.6,33.4,25.3,2400.033792,0.8487,0x0,27.2,42.02064895629883,400.0
2026-03-10T19:09:25.227706,51.25,40.1,25.2,2400.023808,0.8487,0x0,27.4,42.17240524291992,400.0
2026-03-10T19:09:27.446076,51.25,34.3,25.2,2400.023808,0.8487,0x0,27.3,42.17240524291992,400.0
2026-03-10T19:09:29.674236,50.15,41.4,25.1,2400.023808,0.8487,0x0,27.6,42.17240524291992,400.0
2026-03-10T19:09:31.892749,51.25,42.2,25.3,1800.018688,0.8487,0x0,26.9,42.17240524291992,400.0
2026-03-10T19:09:34.113267,50.15,38.5,25.3,2400.023808,0.8487,0x0,27.0,42.17240524291992,400.0
2026-03-10T19:09:36.339218,51.8,42.3,25.2,2400.02048,0.8487,0x0,27.3,42.222991943359375,400.0
2026-03-10T19:09:38.559147,51.25,36.5,25.1,2400.030464,0.8487,0x0,27.0,42.27357864379883,400.0
2026-03-10T19:09:40.782971,51.25,45.3,25.2,2400.033792,0.8487,0x0,27.3,42.32416534423828,400.0
2026-03-10T19:09:43.008213,51.25,37.0,25.2,2400.030464,0.8487,0x0,27.3,42.42533874511719,400.0
2026-03-10T19:09:45.227479,52.9,52.7,26.0,2400.02048,0.8487,0x0,27.4,42.475921630859375,400.0
2026-03-10T19:09:47.447239,51.8,70.1,25.6,2400.027136,0.8487,0x0,27.6,42.52650833129883,400.0
2026-03-10T19:09:49.676746,53.45,67.6,25.3,2400.03712,0.8487,0x0,27.7,42.52650833129883,400.0
2026-03-10T19:09:51.900837,52.35,61.7,25.3,2400.023808,0.8487,0x0,28.3,42.52650833129883,400.0
2026-03-10T19:09:54.126483,52.35,50.9,25.5,2400.023808,0.8487,0x0,28.2,42.67826843261719,400.0
2026-03-10T19:09:56.357019,54.0,71.1,25.5,2400.033792,0.8487,0x0,28.1,42.67826843261719,400.0
2026-03-10T19:09:58.596846,53.45,77.9,25.7,2400.030464,0.8487,0x0,28.4,42.67826843261719,400.0
2026-03-10T19:10:00.830933,56.2,86.3,26.4,2400.02048,0.8487,0x0,28.4,42.779441833496094,400.0
2026-03-10T19:10:03.071070,54.0,86.1,26.7,2400.023808,0.8487,0x0,29.2,42.779441833496094,400.0
2026-03-10T19:10:05.298909,55.1,90.2,28.2,2400.03712,0.8487,0x0,28.6,42.93119812011719,400.0
2026-03-10T19:10:07.528725,55.65,81.3,27.5,2400.023808,0.8487,0x0,27.5,42.98178482055664,400.0
2026-03-10T19:10:09.759764,55.1,84.9,27.2,2400.033792,0.8487,0x0,28.9,42.98178482055664,400.0
2026-03-10T19:10:11.990003,56.2,71.5,27.4,2400.030464,0.8487,0x0,28.9,42.98178482055664,400.0
2026-03-10T19:10:14.209475,53.45,41.9,27.4,2400.030464,0.8487,0x0,27.4,43.032371520996094,400.0
2026-03-10T19:10:16.429386,53.45,34.4,27.1,2400.02048,0.8487,0x0,27.1,43.08295822143555,400.0
2026-03-10T19:10:18.653046,52.35,49.7,26.9,2400.023808,0.8487,0x0,28.2,43.032371520996094,400.0
2026-03-10T19:10:20.878017,55.1,47.0,27.2,2400.023808,0.8487,0x0,27.7,43.133544921875,400.0
2026-03-10T19:10:23.095314,52.9,40.2,27.0,1900.016256,0.8487,0x0,27.8,43.133544921875,400.0
2026-03-10T19:10:25.414759,53.45,36.0,26.8,2400.033792,0.8487,0x0,27.4,43.133544921875,400.0
2026-03-10T19:10:27.640352,52.9,42.7,26.7,2400.023808,0.8487,0x0,28.0,43.234718322753906,400.0
2026-03-10T19:10:29.866456,52.35,42.0,26.4,1800.01536,0.8487,0x0,27.8,43.18413162231445,400.0
2026-03-10T19:10:32.091102,52.9,42.4,26.4,2400.030464,0.8487,0x0,27.4,43.234718322753906,400.0
2026-03-10T19:10:34.310701,53.45,34.9,26.3,2400.030464,0.8487,0x0,27.3,43.234718322753906,400.0
2026-03-10T19:10:36.533189,52.9,40.8,26.3,2400.033792,0.8487,0x0,27.8,43.234718322753906,400.0
2026-03-10T19:10:38.763549,54.55,44.5,26.2,2400.030464,0.8487,0x0,27.9,43.234718322753906,400.0
2026-03-10T19:10:40.994669,53.45,41.7,26.2,2400.023808,0.8487,0x0,27.9,43.285301208496094,400.0
2026-03-10T19:10:43.212751,53.45,36.0,26.3,2400.027136,0.8487,0x0,26.8,43.33588790893555,400.0
2026-03-10T19:10:45.431510,55.1,42.6,26.2,2400.030464,0.8487,0x0,27.4,43.33588790893555,400.0
2026-03-10T19:10:47.660501,53.45,36.9,26.3,2400.033792,0.8487,0x0,27.4,43.386474609375,400.0
2026-03-10T19:10:49.878042,55.1,43.9,26.3,2400.02048,0.8487,0x0,27.3,43.386474609375,400.0
2026-03-10T19:10:52.095888,54.55,33.9,26.3,1900.026112,0.8487,0x0,27.1,43.43706130981445,400.0
2026-03-10T19:10:54.314538,53.45,42.9,26.3,2400.02048,0.8487,0x0,27.1,43.43706130981445,400.0
2026-03-10T19:10:56.538903,53.45,34.2,26.3,2400.030464,0.8487,0x0,27.3,43.487648010253906,400.0
2026-03-10T19:10:58.760902,54.55,41.7,26.3,2400.030464,0.8487,0x0,27.0,43.53823471069336,400.0
2026-03-10T19:11:00.978394,54.0,41.4,26.3,2400.027136,0.8487,0x0,27.1,43.53823471069336,400.0
2026-03-10T19:11:03.195798,53.45,36.2,26.3,1900.019584,0.8487,0x0,27.0,43.58882141113281,400.0
2026-03-10T19:11:05.414954,53.45,44.0,26.3,2400.033792,0.8487,0x0,27.3,43.53823471069336,400.0
2026-03-10T19:11:07.640822,54.0,36.2,26.3,2400.023808,0.8487,0x0,27.0,43.639408111572266,400.0
2026-03-10T19:11:09.858902,54.55,41.7,26.3,2400.033792,0.8487,0x0,27.1,43.68999099731445,400.0
2026-03-10T19:11:12.076976,54.0,35.2,26.3,2400.033792,0.8487,0x0,27.1,43.740577697753906,400.0
2026-03-10T19:11:14.397987,54.0,42.2,26.3,1900.026112,0.8487,0x0,27.6,43.740577697753906,400.0
2026-03-10T19:11:16.623809,54.55,46.9,26.0,2400.030464,0.8487,0x0,27.2,43.740577697753906,400.0
2026-03-10T19:11:18.842995,54.0,47.8,26.0,2400.030464,0.8487,0x0,27.6,43.740577697753906,400.0
2026-03-10T19:11:21.061626,55.65,36.1,26.0,2400.030464,0.8487,0x0,27.5,43.740577697753906,400.0
2026-03-10T19:11:23.285399,52.9,44.6,26.0,2400.02048,0.8487,0x0,27.8,43.84175109863281,400.0
2026-03-10T19:11:25.509009,55.65,37.4,26.0,1900.022784,0.8487,0x0,27.0,43.84175109863281,400.0
2026-03-10T19:11:27.730733,54.55,46.6,26.0,2400.03712,0.8487,0x0,27.4,43.892337799072266,400.0
2026-03-10T19:11:29.956270,54.0,37.2,26.0,2400.030464,0.8487,0x0,27.9,43.892337799072266,400.0
2026-03-10T19:11:32.177822,55.65,48.7,26.0,2400.033792,0.8487,0x0,27.6,43.94292449951172,400.0
2026-03-10T19:11:34.407612,54.0,43.0,25.7,2400.017408,0.8487,0x0,27.1,43.94292449951172,400.0
2026-03-10T19:11:36.636643,54.55,44.2,25.7,2400.02048,0.8487,0x0,27.8,43.94292449951172,400.0
2026-03-10T19:11:38.856904,56.2,40.0,25.7,2400.033792,0.8487,0x0,27.9,43.99351119995117,400.0
2026-03-10T19:11:41.076498,54.55,43.9,25.7,1900.022784,0.8487,0x0,27.9,44.044097900390625,400.0
2026-03-10T19:11:43.295278,54.55,39.1,25.7,2400.023808,0.8487,0x0,27.2,44.044097900390625,400.0
2026-03-10T19:11:45.512651,55.1,43.6,25.7,2400.023808,0.8487,0x0,27.7,44.09468078613281,400.0
2026-03-10T19:11:47.736183,55.1,42.6,25.7,2400.027136,0.8487,0x0,27.4,44.044097900390625,400.0
2026-03-10T19:11:49.960136,54.55,41.8,25.7,2400.027136,0.8487,0x0,27.3,44.09468078613281,400.0
2026-03-10T19:11:52.179973,57.3,44.8,25.7,2400.023808,0.8487,0x0,27.0,44.09468078613281,400.0
2026-03-10T19:11:54.407623,55.65,41.5,25.7,2400.02048,0.8487,0x0,26.9,44.09468078613281,400.0
2026-03-10T19:11:56.628765,56.2,44.0,25.7,1900.016256,0.8487,0x0,27.5,44.09468078613281,400.0
2026-03-10T19:11:58.848021,55.65,41.7,25.7,2400.023808,0.8487,0x0,27.1,44.145267486572266,400.0
2026-03-10T19:12:01.072297,57.3,44.6,25.7,2400.030464,0.8487,0x0,26.9,44.09468078613281,400.0
2026-03-10T19:12:03.291483,55.65,41.7,25.7,2400.02048,0.8487,0x0,27.0,44.09468078613281,400.0
2026-03-10T19:12:05.510776,55.1,45.8,25.8,2400.033792,0.8487,0x0,27.3,44.044097900390625,400.0
2026-03-10T19:12:07.729318,56.2,40.5,25.7,2400.023808,0.8487,0x0,27.1,44.145267486572266,400.0
2026-03-10T19:12:09.947995,56.75,45.3,25.7,2400.02048,0.8487,0x0,27.1,44.09468078613281,400.0
2026-03-10T19:12:12.173981,56.75,41.7,25.7,2400.027136,0.8487,0x0,26.9,44.145267486572266,400.0
2026-03-10T19:12:14.394357,54.55,45.8,25.7,2400.02048,0.8487,0x0,27.6,44.24644088745117,400.0
2026-03-10T19:12:16.611836,55.1,41.2,25.7,2400.03712,0.8487,0x0,27.3,44.145267486572266,400.0
2026-03-10T19:12:18.829478,55.1,47.6,25.7,2400.033792,0.8487,0x0,27.5,44.24644088745117,400.0
2026-03-10T19:12:21.055675,55.65,40.0,25.7,2400.02048,0.8487,0x0,27.2,44.19585418701172,400.0
2026-03-10T19:12:23.275585,56.2,47.9,25.7,2400.023808,0.8487,0x0,27.4,44.24644088745117,400.0
2026-03-10T19:12:25.493001,57.3,54.3,25.6,2400.03712,0.8487,0x0,27.8,44.297027587890625,400.0
2026-03-10T19:12:27.712819,56.75,50.7,25.6,2400.02048,0.8487,0x0,27.1,44.34761428833008,400.0
2026-03-10T19:12:29.933032,55.1,41.8,25.6,2400.02048,0.8487,0x0,27.7,44.297027587890625,400.0
2026-03-10T19:12:32.169295,55.65,49.1,25.6,2400.03712,0.8487,0x0,27.9,44.297027587890625,400.0
2026-03-10T19:12:34.392487,56.2,42.3,25.6,2400.030464,0.8487,0x0,27.3,44.39820098876953,400.0
2026-03-10T19:12:36.611682,55.65,48.2,25.6,2400.033792,0.8487,0x0,28.2,44.49937057495117,400.0
2026-03-10T19:12:38.834553,56.2,41.8,25.7,2400.027136,0.8487,0x0,27.8,44.448787689208984,400.0
2026-03-10T19:12:41.058784,55.65,49.1,25.7,2400.033792,0.8487,0x0,28.0,44.49937057495117,400.0
2026-03-10T19:12:43.278243,56.2,45.0,25.6,2400.023808,0.8487,0x0,27.0,44.49937057495117,400.0
2026-03-10T19:12:45.507537,57.3,48.0,25.7,2400.033792,0.8487,0x0,26.8,44.549957275390625,400.0
2026-03-10T19:12:47.728208,57.85,44.2,25.7,2400.02048,0.8487,0x0,27.8,44.549957275390625,400.0
2026-03-10T19:12:49.946429,55.65,48.2,25.7,2400.030464,0.8487,0x0,27.8,44.549957275390625,400.0
2026-03-10T19:12:52.171696,55.1,42.9,25.6,2400.027136,0.8487,0x0,27.3,44.60054397583008,400.0
2026-03-10T19:12:54.391013,56.2,49.2,25.7,2400.030464,0.8487,0x0,27.0,44.65113067626953,400.0
2026-03-10T19:12:56.609908,55.65,43.9,25.6,2400.033792,0.8487,0x0,27.5,44.701717376708984,400.0
2026-03-10T19:12:58.828275,56.75,50.0,25.6,2400.033792,0.8487,0x0,27.4,44.65113067626953,400.0
2026-03-10T19:13:01.045977,56.75,42.9,25.6,2400.023808,0.8487,0x0,27.5,44.65113067626953,400.0
2026-03-10T19:13:03.270649,56.75,50.4,25.6,2400.030464,0.8487,0x0,26.8,44.65113067626953,400.0
2026-03-10T19:13:05.492545,55.65,42.1,25.6,2400.033792,0.8487,0x0,26.9,44.701717376708984,400.0
2026-03-10T19:13:07.712914,56.75,51.0,25.6,2400.023808,0.8487,0x0,28.0,44.701717376708984,400.0
2026-03-10T19:13:09.932141,56.75,41.5,25.6,2400.033792,0.8487,0x0,27.3,44.75230407714844,400.0
2026-03-10T19:13:12.157337,56.75,49.1,25.6,2400.027136,0.8487,0x0,27.3,44.65113067626953,400.0
2026-03-10T19:13:14.375817,56.2,42.7,25.6,2400.02048,0.8487,0x0,26.9,44.75230407714844,400.0
2026-03-10T19:13:16.595147,56.2,49.3,25.6,2400.027136,0.8487,0x0,27.0,44.80289077758789,400.0
2026-03-10T19:13:18.822487,56.75,42.1,25.6,2400.033792,0.8487,0x0,27.1,44.65113067626953,400.0
2026-03-10T19:13:21.041848,56.2,48.0,25.6,2400.027136,0.8487,0x0,26.9,44.80289077758789,400.0
2026-03-10T19:13:23.260402,55.65,41.4,25.6,2400.030464,0.8487,0x0,26.9,44.85347366333008,400.0
2026-03-10T19:13:25.478174,57.85,47.8,25.6,2400.023808,0.8487,0x0,26.9,44.75230407714844,400.0
2026-03-10T19:13:27.696216,55.1,41.7,25.6,2400.033792,0.8487,0x0,27.2,44.80289077758789,400.0
2026-03-10T19:13:29.915482,58.4,47.0,25.7,2400.027136,0.8487,0x0,27.0,44.80289077758789,400.0
2026-03-10T19:13:32.141987,56.2,41.8,25.7,2400.02048,0.8487,0x0,26.9,44.85347366333008,400.0
2026-03-10T19:13:34.360446,56.75,47.7,25.6,2400.030464,0.8487,0x0,27.3,44.954647064208984,400.0
2026-03-10T19:13:36.577901,56.2,50.5,25.6,2400.030464,0.8487,0x0,28.0,44.954647064208984,400.0
2026-03-10T19:13:38.795329,56.2,49.6,25.7,2400.033792,0.8487,0x0,26.9,45.00523376464844,400.0
2026-03-10T19:13:41.013546,56.75,42.1,25.6,2400.027136,0.8487,0x0,27.0,44.954647064208984,400.0
2026-03-10T19:13:43.236485,56.75,47.7,25.6,2400.027136,0.8487,0x0,26.8,45.05582046508789,400.0
2026-03-10T19:13:45.457659,57.85,42.0,25.6,2400.030464,0.8487,0x0,27.1,45.05582046508789,400.0
2026-03-10T19:13:47.678123,57.3,47.1,25.6,2400.02048,0.8487,0x0,27.4,45.05582046508789,400.0
2026-03-10T19:13:49.895995,57.3,41.3,25.7,2400.02048,0.8487,0x0,27.3,45.106407165527344,400.0
2026-03-10T19:13:52.113882,57.85,49.3,25.6,2400.02048,0.8487,0x0,27.1,45.1569938659668,400.0
2026-03-10T19:13:54.337542,56.75,43.4,25.7,2400.017408,0.8487,0x0,27.0,45.05582046508789,400.0
2026-03-10T19:13:56.557821,57.85,49.7,25.7,2400.03712,0.8487,0x0,27.7,45.30875015258789,400.0
2026-03-10T19:13:58.775385,58.95,43.0,25.6,2400.030464,0.8487,0x0,27.3,45.20758056640625,400.0
2026-03-10T19:14:00.994779,56.75,49.0,25.6,2400.027136,0.8487,0x0,27.4,45.359336853027344,400.0
2026-03-10T19:14:03.217674,57.3,42.2,25.6,2400.03712,0.8487,0x0,27.5,45.4099235534668,400.0
2026-03-10T19:14:05.441515,56.75,48.9,25.6,2400.027136,0.8487,0x0,27.3,45.4099235534668,400.0
2026-03-10T19:14:07.659765,56.75,41.8,25.6,1900.026112,0.8487,0x0,27.6,45.4099235534668,400.0
2026-03-10T19:14:09.878212,57.85,49.3,25.7,2400.033792,0.8487,0x0,27.3,45.46051788330078,400.0
2026-03-10T19:14:12.098130,57.85,43.1,25.7,2400.023808,0.8487,0x0,27.6,45.51110076904297,400.0
2026-03-10T19:14:14.323023,58.4,49.5,25.7,2400.023808,0.8487,0x0,28.0,45.46051788330078,400.0
2026-03-10T19:14:16.642769,56.75,42.2,25.7,2400.023808,0.8487,0x0,27.5,45.56168746948242,400.0
2026-03-10T19:14:18.860546,57.85,49.1,25.7,2400.023808,0.8487,0x0,27.4,45.56168746948242,400.0
2026-03-10T19:14:21.079206,57.3,42.7,25.7,2400.023808,0.8487,0x0,27.9,45.612274169921875,400.0
2026-03-10T19:14:23.296622,57.3,54.3,25.7,2400.02048,0.8487,0x0,27.5,45.56168746948242,400.0
2026-03-10T19:14:25.520882,56.75,44.9,25.7,2400.027136,0.8487,0x0,27.3,45.612274169921875,400.0
2026-03-10T19:14:27.831192,57.3,48.7,25.7,2400.02048,0.8487,0x0,28.5,45.66286087036133,400.0
2026-03-10T19:14:30.054969,57.3,42.8,25.7,2400.02048,0.8487,0x0,27.1,45.764034271240234,400.0
2026-03-10T19:14:32.276157,57.3,49.3,25.7,2400.023808,0.8487,0x0,27.6,45.71344757080078,400.0
2026-03-10T19:14:34.494463,58.4,43.4,25.7,2400.030464,0.8487,0x0,27.3,45.612274169921875,400.0
2026-03-10T19:14:36.721149,58.4,49.8,25.7,2400.02048,0.8487,0x0,27.9,45.86520767211914,400.0
2026-03-10T19:14:38.944958,57.3,43.4,25.7,2400.023808,0.8487,0x0,27.5,45.81462097167969,400.0
2026-03-10T19:14:41.169384,58.4,49.9,25.7,2400.02048,0.8487,0x0,27.2,45.81462097167969,400.0
2026-03-10T19:14:43.392353,57.3,42.9,25.7,2400.030464,0.8487,0x0,27.2,45.764034271240234,400.0
2026-03-10T19:14:45.611068,57.3,50.5,25.7,2400.03712,0.8487,0x0,26.9,45.764034271240234,400.0
2026-03-10T19:14:47.830487,58.4,41.9,25.7,2400.033792,0.8487,0x0,27.6,45.764034271240234,400.0
2026-03-10T19:14:50.054174,57.3,49.6,25.7,2400.02048,0.8487,0x0,27.2,45.71344757080078,400.0
2026-03-10T19:14:52.275430,57.3,42.5,25.7,2400.030464,0.8487,0x0,27.0,45.81462097167969,400.0
2026-03-10T19:14:54.494676,58.4,50.7,25.7,2400.027136,0.8487,0x0,27.3,45.81462097167969,400.0
2026-03-10T19:14:56.712884,57.85,43.3,25.6,2400.027136,0.8487,0x0,27.3,45.81462097167969,400.0
2026-03-10T19:14:58.933857,56.75,48.5,25.6,2400.033792,0.8487,0x0,27.3,45.86520767211914,400.0
2026-03-10T19:15:01.157527,57.85,42.6,25.6,2400.033792,0.8487,0x0,26.9,45.86520767211914,400.0
2026-03-10T19:15:03.375635,57.3,48.2,25.6,2400.023808,0.8487,0x0,27.1,45.91579055786133,400.0
2026-03-10T19:15:05.594461,57.3,44.1,25.6,2400.017408,0.8487,0x0,27.3,45.91579055786133,400.0
2026-03-10T19:15:07.813575,57.85,49.3,25.6,2400.023808,0.8487,0x0,27.6,45.96637725830078,400.0
2026-03-10T19:15:10.038003,58.4,43.0,25.6,2400.023808,0.8487,0x0,26.9,46.016963958740234,400.0
2026-03-10T19:15:12.256870,57.3,48.7,25.6,2400.03712,0.8487,0x0,27.4,45.96637725830078,400.0
2026-03-10T19:15:14.476347,58.95,43.8,25.6,2400.023808,0.8487,0x0,27.1,45.96637725830078,400.0
2026-03-10T19:15:16.694923,59.5,48.1,25.7,2400.02048,0.8487,0x0,27.8,45.96637725830078,400.0
2026-03-10T19:15:18.912477,58.4,42.6,25.6,2400.023808,0.8487,0x0,27.5,46.016963958740234,400.0
2026-03-10T19:15:21.138361,58.95,48.2,25.7,2400.02048,0.8487,0x0,27.3,45.86520767211914,400.0
2026-03-10T19:15:23.357983,58.95,43.0,25.6,1800.025216,0.8487,0x0,27.5,45.96637725830078,400.0
2026-03-10T19:15:25.577798,57.3,50.2,25.6,2400.033792,0.8487,0x0,28.2,46.016963958740234,400.0
2026-03-10T19:15:27.795498,57.85,43.1,25.6,2400.017408,0.8487,0x0,27.0,46.016963958740234,400.0
2026-03-10T19:15:30.017409,58.95,49.8,25.6,2400.027136,0.8487,0x0,27.4,46.016963958740234,400.0
2026-03-10T19:15:32.239938,57.3,42.1,25.6,2400.023808,0.8487,0x0,27.9,46.06755065917969,400.0
2026-03-10T19:15:34.459426,58.4,50.9,25.6,2400.023808,0.8487,0x0,27.6,45.91579055786133,400.0
2026-03-10T19:15:36.678199,57.85,41.2,25.6,2400.023808,0.8487,0x0,27.2,46.06755065917969,400.0
2026-03-10T19:15:38.896270,56.75,50.2,25.6,1900.016256,0.8487,0x0,27.6,46.016963958740234,400.0
2026-03-10T19:15:41.125076,58.95,42.6,25.6,2400.027136,0.8487,0x0,27.7,46.06755065917969,400.0
2026-03-10T19:15:43.344687,59.5,49.8,25.6,2400.027136,0.8487,0x0,27.9,46.016963958740234,400.0
2026-03-10T19:15:45.569203,57.85,43.4,25.6,2400.033792,0.8487,0x0,27.0,46.016963958740234,400.0
2026-03-10T19:15:47.791176,59.5,48.9,25.6,2400.03712,0.8487,0x0,27.0,46.016963958740234,400.0
2026-03-10T19:15:50.009985,57.3,43.4,25.6,2400.023808,0.8487,0x0,27.2,45.96637725830078,400.0
2026-03-10T19:15:52.227990,58.95,49.6,25.6,2400.027136,0.8487,0x0,27.3,45.86520767211914,400.0
2026-03-10T19:15:54.445468,57.85,42.5,25.6,2400.027136,0.8487,0x0,27.1,46.06755065917969,400.0
2026-03-10T19:15:56.674496,57.85,47.6,25.6,2400.033792,0.8487,0x0,26.9,46.06755065917969,400.0
2026-03-10T19:15:58.894009,58.95,42.3,25.6,2400.02048,0.8487,0x0,27.6,46.11813735961914,400.0
2026-03-10T19:16:01.117838,57.3,47.9,25.6,2400.027136,0.8487,0x0,27.0,46.11813735961914,400.0
2026-03-10T19:16:03.338946,57.85,43.2,25.6,2400.033792,0.8487,0x0,27.0,45.91579055786133,400.0
2026-03-10T19:16:05.559214,59.5,48.0,25.6,2400.023808,0.8487,0x0,27.1,46.06755065917969,400.0
2026-03-10T19:16:07.778047,59.5,42.0,25.6,2400.030464,0.8487,0x0,27.3,46.016963958740234,400.0
2026-03-10T19:16:10.000324,58.95,49.7,25.6,2400.033792,0.8487,0x0,27.1,46.06755065917969,400.0
2026-03-10T19:16:12.224383,58.4,42.7,25.6,2400.03712,0.8487,0x0,26.8,45.96637725830078,400.0
2026-03-10T19:16:14.442924,58.95,50.5,25.6,2400.02048,0.8487,0x0,27.0,46.016963958740234,400.0
2026-03-10T19:16:16.661643,57.85,41.4,25.6,2400.03712,0.8487,0x0,27.4,46.06755065917969,400.0
2026-03-10T19:16:18.879027,58.4,49.5,25.6,2400.023808,0.8487,0x0,27.1,46.016963958740234,400.0
2026-03-10T19:16:21.099817,58.4,41.4,25.6,2400.033792,0.8487,0x0,26.9,46.06755065917969,400.0
2026-03-10T19:16:23.323991,57.85,49.6,25.6,2400.030464,0.8487,0x0,27.3,46.06755065917969,400.0
2026-03-10T19:16:25.544530,58.95,39.8,25.6,2400.03712,0.8487,0x0,27.4,45.66286087036133,400.0
2026-03-10T19:16:27.766558,59.5,48.7,25.6,2400.033792,0.8487,0x0,27.7,45.96637725830078,400.0
2026-03-10T19:16:29.990052,58.95,42.6,25.6,2400.033792,0.8487,0x0,27.0,46.06755065917969,400.0
2026-03-10T19:16:32.209163,57.85,47.8,25.6,2400.02048,0.8487,0x0,27.5,46.168724060058594,400.0
2026-03-10T19:16:34.426944,57.85,43.1,25.6,2400.027136,0.8487,0x0,27.6,45.86520767211914,400.0
2026-03-10T19:16:36.749231,58.4,46.5,25.6,2400.03712,0.8487,0x0,27.6,45.764034271240234,400.0
2026-03-10T19:16:38.971464,58.95,45.2,25.7,2400.030464,0.8487,0x0,27.2,45.66286087036133,400.0
2026-03-10T19:16:41.192372,58.95,45.1,25.6,2400.030464,0.8487,0x0,27.5,45.81462097167969,400.0
2026-03-10T19:16:43.412197,57.85,48.1,25.6,2400.033792,0.8487,0x0,27.9,45.56168746948242,400.0
2026-03-10T19:16:45.638880,58.95,44.1,25.6,2400.02048,0.8487,0x0,27.7,45.66286087036133,400.0
2026-03-10T19:16:47.858293,59.5,46.6,25.7,2400.030464,0.8487,0x0,27.3,45.71344757080078,400.0
2026-03-10T19:16:50.179078,58.95,43.3,25.7,1800.01536,0.8487,0x0,27.7,45.81462097167969,400.0
2026-03-10T19:16:52.401393,58.4,48.7,25.6,2400.02048,0.8487,0x0,27.7,46.016963958740234,400.0
2026-03-10T19:16:54.623963,58.4,43.0,25.6,2400.03712,0.8487,0x0,27.5,45.96637725830078,400.0
2026-03-10T19:16:56.842058,58.95,48.4,25.6,2400.03712,0.8487,0x0,27.1,45.96637725830078,400.0
2026-03-10T19:16:59.060793,57.3,43.1,25.6,2400.02048,0.8487,0x0,27.9,46.06755065917969,400.0
2026-03-10T19:17:01.279759,58.4,47.0,25.6,2400.02048,0.8487,0x0,27.3,45.96637725830078,400.0
2026-03-10T19:17:03.504415,57.85,43.6,25.6,2400.030464,0.8487,0x0,27.4,46.016963958740234,400.0
2026-03-10T19:17:05.725838,58.4,47.0,25.6,2400.033792,0.8487,0x0,27.0,45.91579055786133,400.0
2026-03-10T19:17:07.946300,57.85,42.3,25.6,2400.027136,0.8487,0x0,27.6,46.168724060058594,400.0
2026-03-10T19:17:10.167770,58.95,48.5,25.6,2400.030464,0.8487,0x0,27.0,46.06755065917969,400.0
2026-03-10T19:17:12.389005,57.85,42.4,25.6,2400.023808,0.8487,0x0,27.0,46.11813735961914,400.0
2026-03-10T19:17:14.608469,58.95,50.1,25.6,2400.023808,0.8487,0x0,27.0,45.81462097167969,400.0
2026-03-10T19:17:16.827335,58.95,42.1,25.6,2400.023808,0.8487,0x0,27.3,46.016963958740234,400.0
2026-03-10T19:17:19.044558,57.3,50.3,25.6,2400.030464,0.8487,0x0,27.0,45.81462097167969,400.0
2026-03-10T19:17:21.263177,57.3,42.5,25.6,2400.030464,0.8487,0x0,27.1,45.96637725830078,400.0
2026-03-10T19:17:23.484891,57.3,49.2,25.6,2400.023808,0.8487,0x0,27.0,45.81462097167969,400.0
2026-03-10T19:17:25.705937,57.85,41.9,25.6,1800.022016,0.8487,0x0,27.1,45.86520767211914,400.0
2026-03-10T19:17:27.926540,57.85,50.3,25.6,2400.023808,0.8487,0x0,27.4,45.86520767211914,400.0
2026-03-10T19:17:30.145766,58.95,41.8,25.6,2400.017408,0.8487,0x0,26.8,45.81462097167969,400.0
2026-03-10T19:17:32.368339,57.85,49.0,25.6,2400.030464,0.8487,0x0,27.8,45.66286087036133,400.0
2026-03-10T19:17:34.590529,57.3,44.5,25.6,2400.023808,0.8487,0x0,27.3,45.66286087036133,400.0
2026-03-10T19:17:36.809232,57.85,48.3,25.6,2400.027136,0.8487,0x0,27.7,45.612274169921875,400.0
2026-03-10T19:17:39.028527,57.85,44.6,25.7,2400.030464,0.8487,0x0,27.0,45.51110076904297,400.0
2026-03-10T19:17:41.255029,58.4,49.0,25.6,2400.023808,0.8487,0x0,27.4,45.46051788330078,400.0
2026-03-10T19:17:43.474533,56.75,43.3,25.6,2400.027136,0.8487,0x0,27.7,45.46051788330078,400.0
2026-03-10T19:17:45.694294,57.3,48.6,25.6,2400.033792,0.8487,0x0,27.6,45.46051788330078,400.0
2026-03-10T19:17:47.912575,57.85,43.9,25.6,2400.027136,0.8487,0x0,27.1,45.46051788330078,400.0
2026-03-10T19:17:50.137451,57.3,47.6,25.6,2400.02048,0.8487,0x0,27.9,45.25816345214844,400.0
2026-03-10T19:17:52.361275,58.4,43.3,25.6,2400.023808,0.8487,0x0,27.8,45.25816345214844,400.0
2026-03-10T19:17:54.585705,56.2,48.5,25.6,2400.03712,0.8487,0x0,27.2,45.1569938659668,400.0
2026-03-10T19:17:56.807350,56.75,41.6,25.6,2400.033792,0.8487,0x0,27.0,45.1569938659668,400.0
2026-03-10T19:17:59.024770,55.65,50.8,25.6,2400.023808,0.8487,0x0,27.7,44.954647064208984,400.0
2026-03-10T19:18:01.243145,57.3,41.9,25.6,2400.02048,0.8487,0x0,27.4,45.1569938659668,400.0
2026-03-10T19:18:03.462418,56.75,49.8,25.7,2400.033792,0.8487,0x0,27.5,45.1569938659668,400.0
2026-03-10T19:18:05.686557,58.4,41.3,25.6,2400.030464,0.8487,0x0,27.0,45.00523376464844,400.0
2026-03-10T19:18:07.906255,56.75,49.4,25.6,2400.027136,0.8487,0x0,27.2,45.00523376464844,400.0
2026-03-10T19:18:10.126425,56.75,41.6,25.6,2400.033792,0.8487,0x0,27.5,45.1569938659668,400.0
2026-03-10T19:18:12.344966,57.3,48.1,25.7,2400.030464,0.8487,0x0,26.9,45.106407165527344,400.0
2026-03-10T19:18:14.566636,56.75,48.8,25.6,2400.033792,0.8487,0x0,26.9,45.20758056640625,400.0
2026-03-10T19:18:16.787441,57.85,48.9,25.7,2400.027136,0.8487,0x0,27.1,45.1569938659668,400.0
2026-03-10T19:18:19.007389,56.2,43.5,25.6,2400.023808,0.8487,0x0,26.9,45.359336853027344,400.0
2026-03-10T19:18:21.226890,57.85,48.0,25.6,2400.030464,0.8487,0x0,27.0,45.4099235534668,400.0
2026-03-10T19:18:23.444280,57.3,44.0,25.6,2400.023808,0.8487,0x0,27.0,45.30875015258789,400.0
2026-03-10T19:18:25.662517,57.3,48.6,25.6,2400.030464,0.8487,0x0,27.2,45.4099235534668,400.0
2026-03-10T19:18:27.887074,56.75,44.3,25.6,2400.023808,0.8487,0x0,27.7,45.46051788330078,400.0
2026-03-10T19:18:30.107480,57.85,48.4,25.7,2400.017408,0.8487,0x0,26.9,45.4099235534668,400.0
2026-03-10T19:18:32.325392,59.5,42.8,25.6,2400.030464,0.8487,0x0,27.0,45.51110076904297,400.0
2026-03-10T19:18:34.544611,57.85,49.8,25.7,2400.027136,0.8487,0x0,27.3,45.51110076904297,400.0
2026-03-10T19:18:36.763693,57.3,42.6,25.7,2400.02048,0.8487,0x0,27.6,45.612274169921875,400.0
2026-03-10T19:18:38.988818,58.4,48.6,25.7,2400.030464,0.8487,0x0,27.7,45.56168746948242,400.0
2026-03-10T19:18:41.208312,58.4,42.7,25.7,1900.02944,0.8487,0x0,27.7,45.56168746948242,400.0
2026-03-10T19:18:43.486599,58.4,49.6,25.7,2400.033792,0.8487,0x0,27.6,45.51110076904297,400.0
2026-03-10T19:18:45.708337,57.3,42.7,25.7,2400.033792,0.8487,0x0,27.5,45.612274169921875,400.0
2026-03-10T19:18:47.925585,57.3,49.5,25.7,2400.033792,0.8487,0x0,27.7,45.612274169921875,400.0
2026-03-10T19:18:50.143448,58.95,41.4,25.7,2400.02048,0.8487,0x0,27.1,45.56168746948242,400.0
2026-03-10T19:18:52.364390,57.3,47.2,25.7,2400.033792,0.8487,0x0,27.8,45.66286087036133,400.0
2026-03-10T19:18:54.588319,57.3,41.1,25.7,2400.027136,0.8487,0x0,27.7,45.71344757080078,400.0
2026-03-10T19:18:56.812474,58.4,49.7,25.7,1800.022016,0.8487,0x0,27.6,45.764034271240234,400.0
2026-03-10T19:18:59.035016,57.3,43.1,25.6,2400.02048,0.8487,0x0,27.9,45.764034271240234,400.0
2026-03-10T19:19:01.254784,57.3,48.6,25.6,2400.033792,0.8487,0x0,27.6,45.764034271240234,400.0
2026-03-10T19:19:03.474185,58.95,41.9,25.7,2400.023808,0.8487,0x0,27.9,45.764034271240234,400.0
2026-03-10T19:19:05.695378,58.4,49.0,25.7,2400.02048,0.8487,0x0,27.7,45.764034271240234,400.0
2026-03-10T19:19:07.921631,58.4,42.7,25.7,2400.03712,0.8487,0x0,26.9,45.71344757080078,400.0
2026-03-10T19:19:10.142623,58.4,46.0,25.7,2400.023808,0.8487,0x0,27.7,45.612274169921875,400.0
2026-03-10T19:19:12.359910,57.3,42.8,25.7,1900.016256,0.8487,0x0,27.3,45.612274169921875,400.0
2026-03-10T19:19:14.580248,58.4,48.0,25.7,2400.033792,0.8487,0x0,27.4,45.46051788330078,400.0
2026-03-10T19:19:16.806596,57.3,42.9,25.7,2400.03712,0.8487,0x0,26.9,45.46051788330078,400.0
2026-03-10T19:19:19.025744,57.85,47.9,25.7,2400.030464,0.8487,0x0,26.9,45.4099235534668,400.0
2026-03-10T19:19:21.243370,56.75,41.8,25.7,2400.030464,0.8487,0x0,27.2,45.46051788330078,400.0
2026-03-10T19:19:23.461571,56.75,47.0,25.7,2400.027136,0.8487,0x0,27.2,45.4099235534668,400.0
2026-03-10T19:19:25.681271,56.75,42.5,25.7,2400.033792,0.8487,0x0,27.1,45.20758056640625,400.0
2026-03-10T19:19:27.905416,56.2,46.5,25.7,2400.023808,0.8487,0x0,27.0,45.106407165527344,400.0
2026-03-10T19:19:30.124863,56.75,41.2,25.7,2400.017408,0.8487,0x0,27.3,45.05582046508789,400.0
2026-03-10T19:19:32.343643,57.3,48.5,25.7,2400.03712,0.8487,0x0,26.8,45.05582046508789,400.0
2026-03-10T19:19:34.562703,56.75,42.0,25.7,2400.027136,0.8487,0x0,26.9,44.75230407714844,400.0
2026-03-10T19:19:36.789305,56.2,48.3,25.7,2400.033792,0.8487,0x0,27.2,45.05582046508789,400.0
2026-03-10T19:19:39.006680,56.75,41.6,25.7,2400.030464,0.8487,0x0,27.7,44.954647064208984,400.0
2026-03-10T19:19:41.225621,56.75,47.6,25.7,2400.033792,0.8487,0x0,27.0,44.954647064208984,400.0
2026-03-10T19:19:43.444389,58.95,41.9,25.7,2400.033792,0.8487,0x0,27.2,44.90406036376953,400.0
2026-03-10T19:19:45.662001,56.2,48.2,25.6,2400.027136,0.8487,0x0,27.4,44.90406036376953,400.0
2026-03-10T19:19:47.888569,56.2,41.7,25.6,1900.022784,0.8487,0x0,27.8,44.90406036376953,400.0
2026-03-10T19:19:50.109161,57.3,48.9,25.6,2400.023808,0.8487,0x0,27.6,44.80289077758789,400.0
2026-03-10T19:19:52.328642,55.65,41.0,25.6,2400.030464,0.8487,0x0,27.4,44.75230407714844,400.0
2026-03-10T19:19:54.547627,56.75,47.2,25.6,2400.033792,0.8487,0x0,27.8,44.75230407714844,400.0
2026-03-10T19:19:56.772483,56.2,42.9,25.5,2400.02048,0.8487,0x0,27.7,44.701717376708984,400.0
2026-03-10T19:19:58.991802,56.2,47.9,25.6,2400.033792,0.8487,0x0,27.1,44.701717376708984,400.0
2026-03-10T19:20:01.212092,56.75,42.3,25.5,2400.03712,0.8487,0x0,27.6,44.701717376708984,400.0
2026-03-10T19:20:03.434473,58.4,59.1,25.8,2400.030464,0.8487,0x0,27.8,44.701717376708984,400.0
2026-03-10T19:20:05.657829,56.2,47.2,25.9,2400.02048,0.8487,0x0,27.6,44.80289077758789,400.0
2026-03-10T19:20:07.876175,57.3,46.2,25.9,2400.023808,0.8487,0x0,26.9,44.85347366333008,400.0
2026-03-10T19:20:10.095799,56.75,41.0,25.7,2400.017408,0.8487,0x0,27.8,44.80289077758789,400.0
2026-03-10T19:20:12.325518,56.75,47.8,25.7,2400.027136,0.8487,0x0,27.3,44.954647064208984,400.0
2026-03-10T19:20:14.542920,57.3,42.1,25.7,2400.030464,0.8487,0x0,27.3,44.90406036376953,400.0
2026-03-10T19:20:16.760535,56.2,46.7,25.6,2400.027136,0.8487,0x0,27.0,44.954647064208984,400.0
2026-03-10T19:20:18.977965,55.65,41.5,25.6,2400.03712,0.8487,0x0,26.9,45.00523376464844,400.0
2026-03-10T19:20:21.205620,56.2,47.2,25.6,2400.033792,0.8487,0x0,27.9,45.00523376464844,400.0
2026-03-10T19:20:23.426050,58.4,41.1,25.6,1900.016256,0.8487,0x0,26.9,45.00523376464844,400.0
2026-03-10T19:20:25.653988,56.75,47.1,25.6,2400.023808,0.8487,0x0,27.0,45.05582046508789,400.0
2026-03-10T19:20:27.874785,56.75,40.8,25.6,2400.033792,0.8487,0x0,27.0,45.106407165527344,400.0
2026-03-10T19:20:30.093711,58.4,47.6,25.6,2400.023808,0.8487,0x0,27.2,45.20758056640625,400.0
2026-03-10T19:20:32.312638,56.75,41.1,25.6,2400.02048,0.8487,0x0,27.0,45.1569938659668,400.0
2026-03-10T19:20:34.533650,56.75,48.9,25.6,2400.023808,0.8487,0x0,27.3,45.05582046508789,400.0
2026-03-10T19:20:36.755053,56.2,41.8,25.5,2400.030464,0.8487,0x0,26.9,45.1569938659668,400.0
2026-03-10T19:20:38.976757,56.2,47.5,25.5,1900.026112,0.8487,0x0,27.0,45.1569938659668,400.0
2026-03-10T19:20:41.196061,56.75,42.2,25.5,2400.023808,0.8487,0x0,27.3,45.1569938659668,400.0
2026-03-10T19:20:43.420555,56.75,46.5,25.5,2400.033792,0.8487,0x0,27.0,45.25816345214844,400.0
2026-03-10T19:20:45.641482,57.3,43.1,25.6,2400.027136,0.8487,0x0,26.9,45.25816345214844,400.0
2026-03-10T19:20:47.861880,57.3,47.2,25.6,2400.03712,0.8487,0x0,27.1,45.25816345214844,400.0
2026-03-10T19:20:50.086509,57.3,42.2,25.6,2400.02048,0.8487,0x0,27.7,45.25816345214844,400.0
2026-03-10T19:20:52.306466,57.85,46.4,25.6,2400.027136,0.8487,0x0,26.9,45.4099235534668,400.0
2026-03-10T19:20:54.525465,58.4,43.7,25.6,2400.033792,0.8487,0x0,27.6,45.46051788330078,400.0
2026-03-10T19:20:56.743450,57.85,47.7,25.6,2400.030464,0.8487,0x0,27.6,45.46051788330078,400.0
2026-03-10T19:20:58.964714,56.75,41.6,25.6,2400.027136,0.8487,0x0,27.7,45.4099235534668,400.0
2026-03-10T19:21:01.191692,57.3,46.5,25.6,2400.02048,0.8487,0x0,27.0,45.51110076904297,400.0
2026-03-10T19:21:03.411552,56.75,41.6,25.6,2400.023808,0.8487,0x0,27.5,45.56168746948242,400.0
2026-03-10T19:21:05.629737,57.3,47.2,25.5,2400.030464,0.8487,0x0,27.5,45.51110076904297,400.0
2026-03-10T19:21:07.854304,56.75,41.4,25.5,2400.017408,0.8487,0x0,27.3,45.51110076904297,400.0
2026-03-10T19:21:10.073943,57.85,48.5,25.6,2400.033792,0.8487,0x0,27.0,45.46051788330078,400.0
2026-03-10T19:21:12.296233,56.75,41.3,25.5,2400.03712,0.8487,0x0,27.6,45.56168746948242,400.0
2026-03-10T19:21:14.520653,57.3,48.4,25.5,2400.023808,0.8487,0x0,27.2,45.56168746948242,400.0
2026-03-10T19:21:16.741713,57.3,41.0,25.5,2400.03712,0.8487,0x0,27.4,45.612274169921875,400.0
2026-03-10T19:21:18.962043,58.4,47.1,25.6,2400.02048,0.8487,0x0,27.0,45.612274169921875,400.0
2026-03-10T19:21:21.185223,56.75,41.4,25.6,2400.027136,0.8487,0x0,27.0,45.71344757080078,400.0
2026-03-10T19:21:23.405814,57.85,47.6,25.6,2400.030464,0.8487,0x0,27.2,45.764034271240234,400.0
2026-03-10T19:21:25.626237,56.75,41.3,25.6,2400.027136,0.8487,0x0,27.6,45.71344757080078,400.0
2026-03-10T19:21:27.844378,57.3,48.0,25.6,2400.027136,0.8487,0x0,27.0,45.86520767211914,400.0
2026-03-10T19:21:30.063674,56.75,42.0,25.6,2400.027136,0.8487,0x0,26.9,45.86520767211914,400.0
2026-03-10T19:21:32.287791,58.95,47.2,25.6,2400.030464,0.8487,0x0,27.5,45.86520767211914,400.0
2026-03-10T19:21:34.506621,56.2,42.7,25.6,2400.030464,0.8487,0x0,27.1,45.81462097167969,400.0
2026-03-10T19:21:36.725687,58.4,46.4,25.6,2400.033792,0.8487,0x0,27.0,45.86520767211914,400.0
2026-03-10T19:21:38.943669,56.75,43.4,25.6,2400.02048,0.8487,0x0,27.2,45.86520767211914,400.0
2026-03-10T19:21:41.162135,58.95,46.8,25.6,2400.02048,0.8487,0x0,27.4,45.86520767211914,400.0
2026-03-10T19:21:43.383370,57.3,42.4,25.6,2400.030464,0.8487,0x0,26.9,45.91579055786133,400.0
2026-03-10T19:21:45.605155,59.5,47.1,25.6,2400.027136,0.8487,0x0,27.0,45.86520767211914,400.0
2026-03-10T19:21:47.826188,57.3,42.7,25.6,2400.027136,0.8487,0x0,26.9,45.91579055786133,400.0
2026-03-10T19:21:50.050559,57.85,46.6,25.6,2400.030464,0.8487,0x0,27.8,45.96637725830078,400.0
2026-03-10T19:21:52.272515,58.95,42.2,25.6,2400.03712,0.8487,0x0,27.0,46.016963958740234,400.0
2026-03-10T19:21:54.489993,58.95,49.5,25.6,1900.026112,0.8487,0x0,27.3,45.96637725830078,400.0
2026-03-10T19:21:56.725213,58.4,47.4,25.6,2400.023808,0.8487,0x0,27.1,46.06755065917969,400.0
2026-03-10T19:21:58.943706,57.3,48.0,25.6,2400.030464,0.8487,0x0,27.4,45.96637725830078,400.0
2026-03-10T19:22:01.162129,58.4,40.1,25.6,2400.02048,0.8487,0x0,27.7,45.96637725830078,400.0
2026-03-10T19:22:03.383445,58.95,47.7,25.6,2400.02048,0.8487,0x0,26.9,45.96637725830078,400.0
2026-03-10T19:22:05.606209,58.95,39.3,25.6,2400.030464,0.8487,0x0,27.0,46.016963958740234,400.0
2026-03-10T19:22:07.826006,57.85,47.4,25.6,2400.02048,0.8487,0x0,27.4,46.06755065917969,400.0
2026-03-10T19:22:10.043236,58.4,40.6,25.6,2400.02048,0.8487,0x0,27.6,46.06755065917969,400.0
2026-03-10T19:22:12.260636,57.3,47.2,25.6,2400.027136,0.8487,0x0,27.0,45.96637725830078,400.0
2026-03-10T19:22:14.481573,56.75,40.7,25.6,2400.02048,0.8487,0x0,27.3,46.11813735961914,400.0
2026-03-10T19:22:16.706058,58.4,46.9,25.6,2400.023808,0.8487,0x0,27.6,46.06755065917969,400.0
2026-03-10T19:22:18.924495,57.3,42.3,25.6,2400.027136,0.8487,0x0,27.7,46.016963958740234,400.0
2026-03-10T19:22:21.143578,56.75,46.8,25.6,2400.030464,0.8487,0x0,27.3,46.016963958740234,400.0
2026-03-10T19:22:23.361153,56.2,42.7,25.6,2400.030464,0.8487,0x0,27.5,45.91579055786133,400.0
2026-03-10T19:22:25.580280,59.5,46.6,25.6,2400.023808,0.8487,0x0,27.4,45.86520767211914,400.0
2026-03-10T19:22:27.802872,57.3,42.3,25.6,2400.027136,0.8487,0x0,27.6,46.06755065917969,400.0
2026-03-10T19:22:30.022528,57.85,47.4,25.5,1900.022784,0.8487,0x0,27.1,46.016963958740234,400.0
2026-03-10T19:22:32.242639,58.95,41.8,25.5,2400.030464,0.8487,0x0,26.9,46.016963958740234,400.0
2026-03-10T19:22:34.460006,59.5,47.8,25.5,2400.027136,0.8487,0x0,27.7,46.11813735961914,400.0
2026-03-10T19:22:36.680064,59.5,41.8,25.5,2400.023808,0.8487,0x0,27.4,46.11813735961914,400.0
2026-03-10T19:22:38.906053,58.4,47.4,25.5,2400.030464,0.8487,0x0,27.0,46.11813735961914,400.0
2026-03-10T19:22:41.127421,55.65,41.8,25.5,2400.027136,0.8487,0x0,27.1,46.11813735961914,400.0
2026-03-10T19:22:43.348236,58.4,48.7,25.5,2400.033792,0.8487,0x0,28.0,46.06755065917969,400.0
2026-03-10T19:22:45.570587,57.3,41.7,25.5,2400.030464,0.8487,0x0,27.0,46.06755065917969,400.0
2026-03-10T19:22:47.791124,57.85,49.3,25.5,2400.02048,0.8487,0x0,26.9,46.016963958740234,400.0
2026-03-10T19:22:50.011489,57.85,40.1,25.5,2400.033792,0.8487,0x0,27.2,45.96637725830078,400.0
2026-03-10T19:22:52.232422,58.4,47.2,25.5,2400.030464,0.8487,0x0,27.2,46.016963958740234,400.0
2026-03-10T19:22:54.456464,58.95,41.1,25.5,2400.027136,0.8487,0x0,27.5,45.96637725830078,400.0
2026-03-10T19:22:56.676364,59.5,47.3,25.5,2400.017408,0.8487,0x0,27.3,46.016963958740234,400.0
2026-03-10T19:22:58.999124,58.4,39.9,25.5,2400.02048,0.8487,0x0,27.1,45.96637725830078,400.0
2026-03-10T19:23:01.224760,57.85,45.5,25.5,2400.033792,0.8487,0x0,27.8,45.91579055786133,400.0
2026-03-10T19:23:03.444465,58.4,42.2,25.5,2400.030464,0.8487,0x0,27.2,45.96637725830078,400.0
2026-03-10T19:23:05.666608,58.4,46.5,25.5,2400.023808,0.8487,0x0,27.1,45.96637725830078,400.0
2026-03-10T19:23:07.889236,58.4,41.8,25.5,2400.033792,0.8487,0x0,27.3,45.91579055786133,400.0
2026-03-10T19:23:10.108889,58.4,47.2,25.5,2400.02048,0.8487,0x0,27.7,46.016963958740234,400.0
2026-03-10T19:23:12.326396,58.4,42.8,25.5,2400.02048,0.8487,0x0,26.8,46.016963958740234,400.0
2026-03-10T19:23:14.544108,58.4,46.7,25.5,2400.030464,0.8487,0x0,27.5,46.016963958740234,400.0
2026-03-10T19:23:16.761924,56.2,41.9,25.5,2400.027136,0.8487,0x0,27.6,46.016963958740234,400.0
2026-03-10T19:23:18.986780,58.4,46.9,25.5,2400.033792,0.8487,0x0,27.7,45.86520767211914,400.0
2026-03-10T19:23:21.208469,57.85,41.1,25.5,2400.027136,0.8487,0x0,27.4,45.91579055786133,400.0
2026-03-10T19:23:23.425849,58.4,41.6,25.5,2400.033792,0.8487,0x0,27.5,45.91579055786133,400.0
2026-03-10T19:23:25.643080,57.3,46.4,25.5,2400.023808,0.8487,0x0,27.8,45.86520767211914,400.0
2026-03-10T19:23:27.860818,57.3,41.8,25.5,2400.02048,0.8487,0x0,27.9,45.91579055786133,400.0
2026-03-10T19:23:30.078657,57.85,47.9,25.5,2400.030464,0.8487,0x0,27.3,46.016963958740234,400.0
2026-03-10T19:23:32.304237,58.4,40.5,25.5,2400.027136,0.8487,0x0,27.0,46.016963958740234,400.0
2026-03-10T19:23:34.522937,57.85,48.5,25.5,2400.02048,0.8487,0x0,27.7,46.016963958740234,400.0
2026-03-10T19:23:36.740493,58.95,39.7,25.5,2400.02048,0.8487,0x0,27.3,46.06755065917969,400.0
2026-03-10T19:23:38.958680,56.75,47.8,25.5,2400.027136,0.8487,0x0,26.9,45.91579055786133,400.0
2026-03-10T19:23:41.188657,58.95,40.9,25.5,2400.030464,0.8487,0x0,27.0,46.016963958740234,400.0
2026-03-10T19:23:43.407432,58.95,48.1,25.5,2400.030464,0.8487,0x0,27.2,46.06755065917969,400.0
2026-03-10T19:23:45.625666,58.95,40.7,25.5,2400.02048,0.8487,0x0,27.2,46.168724060058594,400.0
2026-03-10T19:23:47.843031,57.85,49.7,25.5,2400.02048,0.8487,0x0,26.9,46.06755065917969,400.0
2026-03-10T19:23:50.064870,56.75,41.1,25.5,2400.02048,0.8487,0x0,26.8,46.168724060058594,400.0
2026-03-10T19:23:52.288496,57.3,48.1,25.5,2400.027136,0.8487,0x0,27.2,45.96637725830078,400.0
2026-03-10T19:23:54.506319,57.85,40.8,25.5,2400.033792,0.8487,0x0,27.0,46.06755065917969,400.0
2026-03-10T19:23:56.724923,58.4,48.3,25.5,2400.030464,0.8487,0x0,26.8,45.96637725830078,400.0
2026-03-10T19:23:58.943931,59.5,40.3,25.5,2400.027136,0.8487,0x0,26.8,45.81462097167969,400.0
2026-03-10T19:24:01.170341,58.4,48.6,25.5,2400.030464,0.8487,0x0,28.1,45.764034271240234,400.0
2026-03-10T19:24:03.391993,59.5,41.6,25.5,2400.023808,0.8487,0x0,26.9,45.56168746948242,400.0
2026-03-10T19:24:05.609731,59.5,49.2,25.5,2400.023808,0.8487,0x0,27.1,45.81462097167969,400.0
2026-03-10T19:24:07.827138,57.85,42.9,25.5,2400.033792,0.8487,0x0,27.1,45.71344757080078,400.0
2026-03-10T19:24:10.053974,58.95,48.9,25.5,2400.033792,0.8487,0x0,27.6,45.86520767211914,400.0
2026-03-10T19:24:12.273282,59.5,42.8,25.5,2400.033792,0.8487,0x0,27.7,45.91579055786133,400.0
2026-03-10T19:24:14.593129,58.95,47.7,25.5,2400.027136,0.8487,0x0,27.1,45.66286087036133,400.0
2026-03-10T19:24:16.810814,57.85,42.2,25.5,2400.023808,0.8487,0x0,27.3,45.612274169921875,400.0
2026-03-10T19:24:19.033147,58.4,49.0,25.5,2400.027136,0.8487,0x0,27.5,46.11813735961914,400.0
2026-03-10T19:24:21.255761,57.85,42.3,25.5,2400.02048,0.8487,0x0,27.7,46.016963958740234,400.0
2026-03-10T19:24:23.474055,57.85,48.6,25.5,2400.03712,0.8487,0x0,27.6,45.96637725830078,400.0
2026-03-10T19:24:25.692840,56.2,42.0,25.5,2400.023808,0.8487,0x0,27.9,46.06755065917969,400.0
2026-03-10T19:24:27.910246,57.85,47.8,25.5,2400.033792,0.8487,0x0,27.6,46.11813735961914,400.0
2026-03-10T19:24:30.128340,57.85,48.3,25.7,2400.030464,0.8487,0x0,27.2,46.06755065917969,400.0
2026-03-10T19:24:32.356974,59.5,67.7,25.9,2400.02048,0.8487,0x0,27.3,46.016963958740234,400.0
2026-03-10T19:24:34.583776,58.4,67.0,26.1,2400.03712,0.8487,0x0,28.2,46.016963958740234,400.0
2026-03-10T19:24:36.806181,58.4,70.1,26.2,2400.03712,0.8487,0x0,28.3,45.91579055786133,400.0
2026-03-10T19:24:39.024466,56.75,39.6,26.2,2400.033792,0.8487,0x0,27.4,45.96637725830078,400.0
2026-03-10T19:24:41.247369,59.5,72.2,26.2,2400.03712,0.8487,0x0,27.2,45.91579055786133,400.0
2026-03-10T19:24:43.474213,59.5,75.6,26.3,2400.02048,0.8487,0x0,28.3,45.86520767211914,400.0
2026-03-10T19:24:45.701099,59.5,77.6,26.7,2400.023808,0.8487,0x0,27.3,45.81462097167969,400.0
2026-03-10T19:24:47.941722,58.4,89.5,28.1,2400.033792,0.8487,0x0,28.2,45.764034271240234,400.0
2026-03-10T19:24:50.173317,59.5,89.8,28.2,2400.033792,0.8487,0x0,27.5,45.66286087036133,400.0
2026-03-10T19:24:52.396689,59.5,90.7,28.5,2400.02048,0.8487,0x0,27.8,45.66286087036133,400.0
2026-03-10T19:24:54.634260,59.5,89.6,28.2,2400.023808,0.8487,0x0,28.2,45.612274169921875,400.0
2026-03-10T19:24:56.869845,60.05,86.1,28.5,2400.027136,0.8487,0x0,28.0,45.56168746948242,400.0
2026-03-10T19:24:59.107765,58.95,88.1,28.6,2400.030464,0.8487,0x0,28.2,45.51110076904297,400.0
2026-03-10T19:25:01.361999,59.5,80.5,29.1,2400.033792,0.8487,0x0,28.7,45.46051788330078,400.0
2026-03-10T19:25:03.647660,58.4,53.8,29.0,2400.02048,0.8487,0x0,28.0,45.46051788330078,400.0
2026-03-10T19:25:05.871712,57.85,55.8,29.0,2400.033792,0.8487,0x0,27.8,45.4099235534668,400.0
2026-03-10T19:25:08.090809,57.85,51.5,28.8,2400.023808,0.8487,0x0,27.1,45.25816345214844,400.0
2026-03-10T19:25:10.308332,58.4,45.3,28.8,2400.02048,0.8487,0x0,27.4,44.954647064208984,400.0
2026-03-10T19:25:12.526568,56.75,49.8,28.6,2400.02048,0.8487,0x0,27.7,45.05582046508789,400.0
2026-03-10T19:25:14.743847,57.3,40.9,28.5,2400.03712,0.8487,0x0,27.4,45.106407165527344,400.0
2026-03-10T19:25:16.963589,58.95,53.2,27.9,2400.023808,0.8487,0x0,27.2,44.90406036376953,400.0
2026-03-10T19:25:19.188238,56.2,39.4,27.7,2400.033792,0.8487,0x0,27.1,44.85347366333008,400.0
2026-03-10T19:25:21.408542,57.85,45.3,27.6,2400.023808,0.8487,0x0,27.0,44.85347366333008,400.0
2026-03-10T19:25:23.628343,57.3,39.7,27.5,2400.030464,0.8487,0x0,27.2,44.75230407714844,400.0
2026-03-10T19:25:25.850571,57.3,53.6,27.6,1900.026112,0.8487,0x0,27.3,44.65113067626953,400.0
2026-03-10T19:25:28.072606,57.85,39.4,27.6,2400.02048,0.8487,0x0,27.0,44.701717376708984,400.0
2026-03-10T19:25:30.291135,56.75,45.2,27.5,2400.027136,0.8487,0x0,27.1,44.701717376708984,400.0
2026-03-10T19:25:32.508897,57.3,39.9,27.5,2400.027136,0.8487,0x0,27.4,44.65113067626953,400.0
2026-03-10T19:25:34.727526,56.75,44.3,27.5,2400.02048,0.8487,0x0,27.2,44.549957275390625,400.0
2026-03-10T19:25:36.952682,57.85,39.7,27.4,1900.026112,0.8487,0x0,27.4,44.60054397583008,400.0
2026-03-10T19:25:39.173644,57.3,46.5,27.5,2400.030464,0.8487,0x0,27.5,44.549957275390625,400.0
2026-03-10T19:25:41.392230,56.2,41.1,27.4,2400.030464,0.8487,0x0,27.9,44.448787689208984,400.0
2026-03-10T19:25:43.610612,57.3,44.3,27.5,2400.03712,0.8487,0x0,27.1,44.39820098876953,400.0
2026-03-10T19:25:45.831591,56.75,41.2,27.5,2400.03712,0.8487,0x0,27.1,44.297027587890625,400.0
2026-03-10T19:25:48.056753,57.3,58.4,27.6,2400.027136,0.8487,0x0,28.0,44.297027587890625,400.0
2026-03-10T19:25:50.282093,57.3,53.4,27.9,2400.033792,0.8487,0x0,27.9,44.24644088745117,400.0
2026-03-10T19:25:52.505633,56.75,50.2,27.9,2400.03712,0.8487,0x0,27.5,44.145267486572266,400.0
2026-03-10T19:25:54.723405,56.2,40.0,27.6,2400.027136,0.8487,0x0,27.2,44.145267486572266,400.0
2026-03-10T19:25:56.941131,57.85,58.8,27.4,2400.033792,0.8487,0x0,27.1,44.19585418701172,400.0
2026-03-10T19:25:59.160318,56.2,38.6,27.4,2400.017408,0.8487,0x0,27.7,44.19585418701172,400.0
2026-03-10T19:26:01.377782,56.2,45.8,27.4,2400.023808,0.8487,0x0,27.3,44.145267486572266,400.0
2026-03-10T19:26:03.599498,56.75,38.7,27.4,2400.033792,0.8487,0x0,27.4,44.145267486572266,400.0
2026-03-10T19:26:05.821961,55.65,45.1,27.4,2400.017408,0.8487,0x0,27.6,44.145267486572266,400.0
2026-03-10T19:26:08.039424,57.3,37.5,27.4,2400.033792,0.8487,0x0,27.7,44.145267486572266,400.0
2026-03-10T19:26:10.257022,56.75,45.7,27.4,2400.030464,0.8487,0x0,27.2,44.145267486572266,400.0
2026-03-10T19:26:12.477110,55.1,37.5,27.4,2400.030464,0.8487,0x0,26.9,44.044097900390625,400.0
2026-03-10T19:26:14.703231,56.75,53.5,27.4,2400.023808,0.8487,0x0,27.9,44.145267486572266,400.0
2026-03-10T19:26:16.922947,56.2,38.3,27.3,2400.033792,0.8487,0x0,27.2,44.145267486572266,400.0
2026-03-10T19:26:19.141344,56.75,45.3,27.3,2400.02048,0.8487,0x0,27.2,44.24644088745117,400.0
2026-03-10T19:26:21.366747,55.65,47.8,27.3,2400.033792,0.8487,0x0,26.8,44.19585418701172,400.0
2026-03-10T19:26:23.588693,56.75,46.1,27.3,2400.023808,0.8487,0x0,27.7,44.297027587890625,400.0
2026-03-10T19:26:25.808313,57.3,39.0,27.3,2400.030464,0.8487,0x0,26.8,44.34761428833008,400.0
2026-03-10T19:26:28.026274,56.75,44.4,27.3,2400.027136,0.8487,0x0,26.8,44.34761428833008,400.0
2026-03-10T19:26:30.245414,57.3,39.8,27.4,2400.030464,0.8487,0x0,27.0,44.448787689208984,400.0
2026-03-10T19:26:32.471668,56.2,44.0,27.4,1900.022784,0.8487,0x0,27.5,44.49937057495117,400.0
2026-03-10T19:26:34.692589,55.65,39.5,27.4,2400.02048,0.8487,0x0,27.4,44.60054397583008,400.0
2026-03-10T19:26:36.909915,56.2,44.4,27.4,2400.033792,0.8487,0x0,27.2,44.60054397583008,400.0
2026-03-10T19:26:39.128337,57.3,40.3,27.4,2400.02048,0.8487,0x0,27.4,44.65113067626953,400.0
2026-03-10T19:26:41.351820,56.75,43.8,27.4,2400.030464,0.8487,0x0,27.6,44.701717376708984,400.0
2026-03-10T19:26:43.674705,56.2,38.6,27.4,1800.01536,0.8487,0x0,27.1,44.701717376708984,400.0
2026-03-10T19:26:45.893539,57.85,47.4,27.4,2400.023808,0.8487,0x0,27.4,44.701717376708984,400.0
2026-03-10T19:26:48.111708,56.75,38.1,27.4,2400.023808,0.8487,0x0,27.7,44.85347366333008,400.0
2026-03-10T19:26:50.336186,56.75,44.6,27.3,2400.033792,0.8487,0x0,27.6,44.85347366333008,400.0
2026-03-10T19:26:52.556171,56.75,37.4,27.3,2400.033792,0.8487,0x0,27.4,44.954647064208984,400.0
2026-03-10T19:26:54.774071,56.75,45.7,27.3,2400.023808,0.8487,0x0,27.5,44.85347366333008,400.0
2026-03-10T19:26:56.991967,56.2,37.7,27.3,2400.023808,0.8487,0x0,27.8,44.90406036376953,400.0
2026-03-10T19:26:59.210267,57.85,44.6,27.3,2400.030464,0.8487,0x0,27.7,44.954647064208984,400.0
2026-03-10T19:27:01.429842,57.3,37.5,27.3,2400.02048,0.8487,0x0,26.9,45.00523376464844,400.0
2026-03-10T19:27:03.655466,56.75,44.5,27.4,2400.017408,0.8487,0x0,29.4,45.05582046508789,400.0
2026-03-10T19:27:05.873126,57.3,38.9,27.3,2400.02048,0.8487,0x0,27.3,44.954647064208984,400.0
2026-03-10T19:27:08.093777,57.3,43.4,27.4,2400.033792,0.8487,0x0,26.8,45.106407165527344,400.0
2026-03-10T19:27:10.312001,56.75,39.1,27.3,2400.030464,0.8487,0x0,27.0,45.106407165527344,400.0
2026-03-10T19:27:12.535508,56.75,43.4,27.3,2400.02048,0.8487,0x0,27.0,45.1569938659668,400.0
2026-03-10T19:27:14.754898,57.3,39.0,27.3,1800.01536,0.8487,0x0,27.4,45.1569938659668,400.0
2026-03-10T19:27:16.977320,57.3,44.7,27.3,2400.030464,0.8487,0x0,27.0,45.20758056640625,400.0
2026-03-10T19:27:19.204943,57.85,39.6,27.3,2400.033792,0.8487,0x0,26.9,45.30875015258789,400.0
2026-03-10T19:27:21.424129,56.75,43.3,27.4,2400.030464,0.8487,0x0,27.3,45.359336853027344,400.0
2026-03-10T19:27:23.651276,56.75,39.1,27.4,2400.027136,0.8487,0x0,27.5,45.4099235534668,400.0
2026-03-10T19:27:25.870736,58.4,43.3,27.4,2400.027136,0.8487,0x0,26.8,45.4099235534668,400.0
2026-03-10T19:27:28.089434,56.75,39.7,27.4,2400.030464,0.8487,0x0,26.8,45.4099235534668,400.0
2026-03-10T19:27:30.310331,56.2,44.0,27.4,1900.019584,0.8487,0x0,26.9,45.4099235534668,400.0
2026-03-10T19:27:32.535093,56.2,38.9,27.4,2400.033792,0.8487,0x0,27.4,45.46051788330078,400.0
2026-03-10T19:27:34.755439,57.85,46.3,27.4,2400.030464,0.8487,0x0,26.8,45.30875015258789,400.0
2026-03-10T19:27:36.972875,57.85,37.9,27.3,2400.023808,0.8487,0x0,27.0,45.25816345214844,400.0
2026-03-10T19:27:39.190738,58.4,45.9,27.4,2400.023808,0.8487,0x0,26.9,45.46051788330078,400.0
2026-03-10T19:27:41.409570,56.2,37.9,27.3,2400.033792,0.8487,0x0,27.4,45.46051788330078,400.0
2026-03-10T19:27:43.627950,56.75,46.3,27.4,2400.02048,0.8487,0x0,27.5,45.56168746948242,400.0
2026-03-10T19:27:45.852893,57.3,38.8,27.4,1800.028544,0.8487,0x0,27.0,45.51110076904297,400.0
2026-03-10T19:27:48.074271,57.3,46.9,27.4,2400.02048,0.8487,0x0,27.5,45.51110076904297,400.0
2026-03-10T19:27:50.293751,57.3,37.3,27.3,2400.023808,0.8487,0x0,27.4,45.51110076904297,400.0
2026-03-10T19:27:52.516023,56.75,44.8,27.4,2400.023808,0.8487,0x0,27.6,45.51110076904297,400.0
2026-03-10T19:27:54.736753,57.3,40.0,27.4,2400.027136,0.8487,0x0,27.3,45.51110076904297,400.0
2026-03-10T19:27:56.956598,57.3,44.4,27.3,2400.03712,0.8487,0x0,27.5,45.46051788330078,400.0
2026-03-10T19:27:59.175306,56.75,40.2,27.3,2400.02048,0.8487,0x0,27.9,45.51110076904297,400.0
2026-03-10T19:28:01.392602,57.85,44.5,27.3,2400.023808,0.8487,0x0,27.5,45.51110076904297,400.0
2026-03-10T19:28:03.611375,56.75,40.1,27.3,2400.023808,0.8487,0x0,27.1,45.51110076904297,400.0
2026-03-10T19:28:05.837991,57.85,42.3,27.4,2400.023808,0.8487,0x0,27.8,45.66286087036133,400.0
2026-03-10T19:28:08.060246,57.3,41.9,27.3,2400.030464,0.8487,0x0,26.9,45.612274169921875,400.0
2026-03-10T19:28:10.280868,57.3,37.2,27.3,2400.017408,0.8487,0x0,27.2,45.56168746948242,400.0
2026-03-10T19:28:12.503015,57.3,46.9,27.3,2400.033792,0.8487,0x0,26.9,45.66286087036133,400.0
2026-03-10T19:28:14.722441,58.95,39.5,27.3,2400.03712,0.8487,0x0,28.1,45.612274169921875,400.0
2026-03-10T19:28:16.942845,57.85,44.7,27.3,2400.027136,0.8487,0x0,27.1,45.612274169921875,400.0
2026-03-10T19:28:19.160454,57.3,38.9,27.3,2400.027136,0.8487,0x0,27.1,45.71344757080078,400.0
2026-03-10T19:28:21.381318,58.95,44.7,27.3,2400.02048,0.8487,0x0,26.8,45.71344757080078,400.0
2026-03-10T19:28:23.604084,58.4,39.3,27.3,2400.033792,0.8487,0x0,26.9,45.71344757080078,400.0
2026-03-10T19:28:25.823008,56.75,45.6,27.3,2400.033792,0.8487,0x0,26.8,45.71344757080078,400.0
2026-03-10T19:28:28.041108,57.85,40.6,27.3,2400.027136,0.8487,0x0,26.8,45.81462097167969,400.0
2026-03-10T19:28:30.264734,57.3,47.4,27.3,2400.030464,0.8487,0x0,27.0,45.81462097167969,400.0
2026-03-10T19:28:32.488909,57.85,39.1,27.3,2400.023808,0.8487,0x0,26.9,45.764034271240234,400.0
2026-03-10T19:28:34.707888,57.3,46.6,27.3,2400.02048,0.8487,0x0,26.9,45.81462097167969,400.0
2026-03-10T19:28:36.925666,57.3,38.4,27.3,2400.023808,0.8487,0x0,27.0,45.86520767211914,400.0
2026-03-10T19:28:39.143734,57.3,47.3,27.3,2400.033792,0.8487,0x0,27.0,45.86520767211914,400.0
2026-03-10T19:28:41.365846,57.3,37.7,27.3,2400.030464,0.8487,0x0,27.3,45.86520767211914,400.0
2026-03-10T19:28:43.587922,57.3,46.6,27.3,2400.023808,0.8487,0x0,27.7,45.96637725830078,400.0
2026-03-10T19:28:45.805858,57.85,38.2,27.3,2400.030464,0.8487,0x0,27.3,45.86520767211914,400.0
2026-03-10T19:28:48.023653,56.75,45.8,27.3,2400.033792,0.8487,0x0,27.1,45.86520767211914,400.0
2026-03-10T19:28:50.242660,57.85,37.7,27.3,2400.033792,0.8487,0x0,27.4,45.86520767211914,400.0
2026-03-10T19:28:52.463156,57.3,45.1,27.3,1900.019584,0.8487,0x0,27.6,45.86520767211914,400.0
2026-03-10T19:28:54.689808,57.3,39.1,27.3,2400.030464,0.8487,0x0,27.4,45.81462097167969,400.0
2026-03-10T19:28:56.908394,57.3,47.1,27.3,2400.030464,0.8487,0x0,27.4,45.91579055786133,400.0
2026-03-10T19:28:59.128248,57.3,38.8,27.3,2400.023808,0.8487,0x0,27.6,45.86520767211914,400.0
2026-03-10T19:29:01.354039,56.75,45.9,27.3,2400.033792,0.8487,0x0,27.6,45.91579055786133,400.0
2026-03-10T19:29:03.574760,58.4,39.6,27.3,2400.030464,0.8487,0x0,27.5,45.91579055786133,400.0
2026-03-10T19:29:05.798066,57.85,44.8,27.3,2400.030464,0.8487,0x0,27.3,45.86520767211914,400.0
2026-03-10T19:29:08.020483,56.75,39.2,27.4,2400.03712,0.8487,0x0,27.7,45.91579055786133,400.0
2026-03-10T19:29:10.340207,58.4,44.9,27.3,2400.023808,0.8487,0x0,27.5,45.91579055786133,400.0
2026-03-10T19:29:12.563598,56.75,38.3,27.4,2400.02048,0.8487,0x0,27.1,45.91579055786133,400.0
2026-03-10T19:29:14.786718,57.3,44.7,27.3,2400.017408,0.8487,0x0,28.0,45.91579055786133,400.0
2026-03-10T19:29:17.007187,57.3,38.1,27.3,2400.023808,0.8487,0x0,27.4,45.91579055786133,400.0
2026-03-10T19:29:19.224818,56.75,45.1,27.3,1800.025216,0.8487,0x0,27.2,45.86520767211914,400.0
2026-03-10T19:29:21.444119,58.4,39.7,27.4,2400.023808,0.8487,0x0,26.9,45.91579055786133,400.0
2026-03-10T19:29:23.670297,56.2,46.8,27.3,2400.02048,0.8487,0x0,27.1,45.86520767211914,400.0
2026-03-10T19:29:25.890375,58.4,38.5,27.3,2400.027136,0.8487,0x0,27.3,45.96637725830078,400.0
2026-03-10T19:29:28.107930,57.3,46.4,27.4,2400.03712,0.8487,0x0,26.9,45.96637725830078,400.0
2026-03-10T19:29:30.325794,57.85,38.5,27.3,2400.02048,0.8487,0x0,26.7,45.91579055786133,400.0
2026-03-10T19:29:32.544205,58.95,45.7,27.3,2400.033792,0.8487,0x0,26.9,46.016963958740234,400.0
2026-03-10T19:29:34.767674,57.85,38.8,27.4,2400.027136,0.8487,0x0,27.1,45.96637725830078,400.0
2026-03-10T19:29:36.987262,57.3,46.4,27.3,2400.023808,0.8487,0x0,27.0,45.86520767211914,400.0
2026-03-10T19:29:39.205437,56.75,38.6,27.3,2400.033792,0.8487,0x0,26.9,46.016963958740234,400.0
2026-03-10T19:29:41.424031,57.3,46.2,27.3,2400.023808,0.8487,0x0,27.7,45.96637725830078,400.0
2026-03-10T19:29:43.644886,57.3,38.3,27.3,2400.02048,0.8487,0x0,27.6,46.06755065917969,400.0
2026-03-10T19:29:45.868849,58.4,45.2,27.3,2400.027136,0.8487,0x0,27.0,45.91579055786133,400.0
2026-03-10T19:29:48.089144,58.4,39.3,27.3,2400.027136,0.8487,0x0,27.5,45.96637725830078,400.0
2026-03-10T19:29:50.306635,57.3,45.5,27.3,2400.03712,0.8487,0x0,27.3,45.91579055786133,400.0
2026-03-10T19:29:52.524282,56.75,37.9,27.3,2400.033792,0.8487,0x0,27.6,46.016963958740234,400.0
2026-03-10T19:29:54.743791,57.3,45.6,27.3,2400.030464,0.8487,0x0,27.7,46.06755065917969,400.0
2026-03-10T19:29:56.965888,57.85,39.1,27.3,2400.023808,0.8487,0x0,27.9,46.016963958740234,400.0
2026-03-10T19:29:59.187435,57.85,46.0,27.3,2400.017408,0.8487,0x0,28.0,46.016963958740234,400.0
2026-03-10T19:30:01.408657,57.85,39.2,27.3,2400.02048,0.8487,0x0,27.6,45.96637725830078,400.0
2026-03-10T19:30:03.627098,57.85,45.8,27.3,2400.023808,0.8487,0x0,27.4,46.06755065917969,400.0
2026-03-10T19:30:05.851286,57.85,37.1,27.3,2400.030464,0.8487,0x0,27.5,45.96637725830078,400.0
2026-03-10T19:30:08.071576,56.75,45.4,27.3,2400.030464,0.8487,0x0,27.9,46.11813735961914,400.0
2026-03-10T19:30:10.288888,56.75,38.1,27.3,2400.030464,0.8487,0x0,27.6,46.016963958740234,400.0
2026-03-10T19:30:12.509556,58.4,46.3,27.3,2400.027136,0.8487,0x0,27.2,46.11813735961914,400.0
2026-03-10T19:30:14.736839,56.75,37.8,27.3,2400.033792,0.8487,0x0,27.0,46.016963958740234,400.0
2026-03-10T19:30:16.957426,56.75,45.5,27.3,2400.030464,0.8487,0x0,27.6,45.96637725830078,400.0
2026-03-10T19:30:19.174977,57.85,38.5,27.4,2400.027136,0.8487,0x0,27.7,46.016963958740234,400.0
2026-03-10T19:30:21.392298,57.85,45.5,27.3,2400.017408,0.8487,0x0,27.2,46.06755065917969,400.0
2026-03-10T19:30:23.617362,58.4,37.7,27.3,2400.023808,0.8487,0x0,26.9,45.86520767211914,400.0
2026-03-10T19:30:25.837768,57.3,46.1,27.3,2400.02048,0.8487,0x0,27.7,45.96637725830078,400.0
2026-03-10T19:30:28.055900,56.75,38.9,27.4,2400.023808,0.8487,0x0,27.4,46.06755065917969,400.0
2026-03-10T19:30:30.274809,57.85,46.5,27.4,2400.033792,0.8487,0x0,26.9,45.96637725830078,400.0
2026-03-10T19:30:32.494748,57.3,37.5,27.3,2400.03712,0.8487,0x0,26.8,45.96637725830078,400.0
2026-03-10T19:30:34.720804,58.4,46.4,27.3,2400.02048,0.8487,0x0,27.1,45.96637725830078,400.0
2026-03-10T19:30:36.940615,56.2,38.3,27.3,2400.033792,0.8487,0x0,27.1,45.91579055786133,400.0
2026-03-10T19:30:39.158065,57.3,44.6,27.3,2400.030464,0.8487,0x0,26.9,45.81462097167969,400.0
2026-03-10T19:30:41.378487,58.4,38.3,27.4,2400.023808,0.8487,0x0,26.9,45.86520767211914,400.0
2026-03-10T19:30:43.602927,57.3,44.6,27.3,2400.02048,0.8487,0x0,27.6,45.764034271240234,400.0
2026-03-10T19:30:45.820631,57.3,37.9,27.3,1800.022016,0.8487,0x0,27.4,45.81462097167969,400.0
2026-03-10T19:30:48.040371,56.75,46.2,27.3,2400.033792,0.8487,0x0,27.0,45.81462097167969,400.0
2026-03-10T19:30:50.259050,58.4,38.8,27.3,2400.027136,0.8487,0x0,26.9,45.71344757080078,400.0
2026-03-10T19:30:52.481668,57.3,45.4,27.3,2400.02048,0.8487,0x0,27.2,45.81462097167969,400.0
2026-03-10T19:30:54.702184,57.85,40.2,27.3,2400.030464,0.8487,0x0,27.8,45.86520767211914,400.0
2026-03-10T19:30:56.922106,56.75,45.1,27.3,1800.022016,0.8487,0x0,27.0,45.81462097167969,400.0
2026-03-10T19:30:59.142577,57.3,40.5,27.3,2400.030464,0.8487,0x0,27.7,45.81462097167969,400.0
2026-03-10T19:31:01.364126,57.3,45.4,27.3,2400.03712,0.8487,0x0,27.3,45.81462097167969,400.0
2026-03-10T19:31:03.585995,57.85,38.1,27.3,2400.027136,0.8487,0x0,27.7,45.86520767211914,400.0
2026-03-10T19:31:05.805410,56.75,46.2,27.3,2400.033792,0.8487,0x0,27.7,45.86520767211914,400.0
2026-03-10T19:31:08.025186,57.3,37.7,27.3,2400.02048,0.8487,0x0,27.2,45.86520767211914,400.0
2026-03-10T19:31:10.250266,58.95,45.8,27.3,2400.02048,0.8487,0x0,27.5,45.764034271240234,400.0
2026-03-10T19:31:12.471681,58.4,37.7,27.3,1800.018688,0.8487,0x0,27.7,45.81462097167969,400.0
2026-03-10T19:31:14.692481,57.85,46.4,27.3,2400.023808,0.8487,0x0,27.5,45.81462097167969,400.0
2026-03-10T19:31:16.910012,56.75,36.6,27.3,2400.03712,0.8487,0x0,27.2,45.91579055786133,400.0
2026-03-10T19:31:19.134161,56.75,45.8,27.3,2400.030464,0.8487,0x0,27.5,45.86520767211914,400.0
2026-03-10T19:31:21.354778,57.3,38.0,27.3,2400.023808,0.8487,0x0,27.8,45.86520767211914,400.0
2026-03-10T19:31:23.577448,56.75,45.6,27.3,2400.03712,0.8487,0x0,27.7,45.81462097167969,400.0
2026-03-10T19:31:25.803574,57.85,39.9,27.3,2400.017408,0.8487,0x0,27.2,45.86520767211914,400.0
2026-03-10T19:31:28.023952,57.3,45.0,27.2,1900.022784,0.8487,0x0,28.0,45.91579055786133,400.0
2026-03-10T19:31:30.242420,58.95,39.2,27.3,2400.027136,0.8487,0x0,27.9,45.91579055786133,400.0
2026-03-10T19:31:32.465380,57.3,45.2,27.3,2400.027136,0.8487,0x0,27.3,45.91579055786133,400.0
2026-03-10T19:31:34.688437,57.3,40.2,27.3,2400.03712,0.8487,0x0,27.2,45.96637725830078,400.0
2026-03-10T19:31:36.908513,56.75,45.7,27.3,2400.030464,0.8487,0x0,27.8,45.96637725830078,400.0
2026-03-10T19:31:39.131696,59.5,40.1,27.3,2400.03712,0.8487,0x0,27.6,45.96637725830078,400.0
2026-03-10T19:31:41.352709,57.3,46.3,27.3,2400.02048,0.8487,0x0,27.4,45.96637725830078,400.0
2026-03-10T19:31:43.572093,59.5,40.6,27.3,2400.027136,0.8487,0x0,26.8,46.016963958740234,400.0
2026-03-10T19:31:45.791746,57.85,45.0,27.3,2400.023808,0.8487,0x0,27.4,45.96637725830078,400.0
2026-03-10T19:31:48.010216,57.85,39.2,27.3,2400.017408,0.8487,0x0,27.5,46.016963958740234,400.0
2026-03-10T19:31:50.232326,57.85,47.1,27.3,2400.02048,0.8487,0x0,26.9,45.91579055786133,400.0
2026-03-10T19:31:52.454431,56.75,38.2,27.3,2400.02048,0.8487,0x0,27.0,45.96637725830078,400.0
2026-03-10T19:31:54.673470,57.85,46.6,27.3,2400.02048,0.8487,0x0,27.4,45.96637725830078,400.0
2026-03-10T19:31:56.890679,57.85,38.1,27.3,2400.02048,0.8487,0x0,27.1,45.91579055786133,400.0
2026-03-10T19:31:59.108193,57.3,46.4,27.3,1800.018688,0.8487,0x0,26.8,46.016963958740234,400.0
2026-03-10T19:32:01.328984,58.4,40.2,27.3,2400.027136,0.8487,0x0,27.0,45.96637725830078,400.0
2026-03-10T19:32:03.552155,57.85,46.9,27.3,2400.02048,0.8487,0x0,27.1,45.96637725830078,400.0
2026-03-10T19:32:05.770871,57.85,38.5,27.3,2400.030464,0.8487,0x0,27.8,46.016963958740234,400.0
2026-03-10T19:32:07.990455,57.85,46.9,27.3,2400.030464,0.8487,0x0,27.0,45.96637725830078,400.0
2026-03-10T19:32:10.212849,57.85,38.1,27.3,2400.023808,0.8487,0x0,27.0,46.016963958740234,400.0
2026-03-10T19:32:12.436598,57.85,45.2,27.3,2400.030464,0.8487,0x0,27.3,46.016963958740234,400.0
2026-03-10T19:32:14.654980,56.75,39.4,27.3,2400.023808,0.8487,0x0,27.8,46.016963958740234,400.0
2026-03-10T19:32:16.872789,57.3,44.7,27.3,2400.030464,0.8487,0x0,27.7,46.06755065917969,400.0
2026-03-10T19:32:19.091580,57.3,39.6,27.3,2400.023808,0.8487,0x0,27.8,46.06755065917969,400.0
2026-03-10T19:32:21.308974,58.4,44.7,27.3,2400.027136,0.8487,0x0,27.6,45.91579055786133,400.0
2026-03-10T19:32:23.527850,58.4,39.0,27.3,2400.017408,0.8487,0x0,27.5,45.91579055786133,400.0
2026-03-10T19:32:25.753139,58.4,45.2,27.3,2400.030464,0.8487,0x0,26.9,45.91579055786133,400.0
2026-03-10T19:32:27.973763,58.4,38.9,27.3,2400.027136,0.8487,0x0,27.4,45.96637725830078,400.0
2026-03-10T19:32:30.191745,57.3,45.6,27.3,1800.018688,0.8487,0x0,27.7,45.91579055786133,400.0
2026-03-10T19:32:32.413784,58.95,40.8,27.3,2400.033792,0.8487,0x0,27.7,45.96637725830078,400.0
2026-03-10T19:32:34.636684,57.85,46.3,27.3,2400.02048,0.8487,0x0,26.8,45.96637725830078,400.0
2026-03-10T19:32:36.859505,58.4,37.6,27.3,2400.023808,0.8487,0x0,26.9,45.96637725830078,400.0
2026-03-10T19:32:39.098746,57.85,46.1,27.3,2400.030464,0.8487,0x0,27.5,45.96637725830078,400.0
2026-03-10T19:32:41.321818,57.85,38.2,27.3,2400.030464,0.8487,0x0,27.7,45.91579055786133,400.0
2026-03-10T19:32:43.539685,58.95,46.6,27.3,2400.033792,0.8487,0x0,27.1,45.91579055786133,400.0
2026-03-10T19:32:45.757720,58.4,38.8,27.3,2400.027136,0.8487,0x0,26.9,45.91579055786133,400.0
2026-03-10T19:32:47.977118,58.4,46.3,27.3,2400.03712,0.8487,0x0,27.0,45.96637725830078,400.0
2026-03-10T19:32:50.200932,57.3,39.0,27.3,2400.027136,0.8487,0x0,27.2,45.91579055786133,400.0
2026-03-10T19:32:52.419755,57.85,46.5,27.3,2400.02048,0.8487,0x0,27.0,45.91579055786133,400.0
2026-03-10T19:32:54.639767,57.3,39.1,27.3,2400.027136,0.8487,0x0,26.9,45.86520767211914,400.0
2026-03-10T19:32:56.858650,58.4,45.6,27.3,2400.023808,0.8487,0x0,27.4,45.81462097167969,400.0
2026-03-10T19:32:59.076113,56.75,38.5,27.3,2400.03712,0.8487,0x0,27.2,45.81462097167969,400.0
2026-03-10T19:33:01.297934,56.75,45.5,27.3,1800.01536,0.8487,0x0,27.2,45.81462097167969,400.0
2026-03-10T19:33:03.523503,59.5,41.6,27.3,2400.033792,0.8487,0x0,26.9,45.86520767211914,400.0
2026-03-10T19:33:05.741956,56.75,45.7,27.3,2400.033792,0.8487,0x0,27.3,45.86520767211914,400.0
2026-03-10T19:33:07.969661,56.75,39.5,27.3,2400.027136,0.8487,0x0,27.4,45.764034271240234,400.0
2026-03-10T19:33:10.188166,57.3,45.6,27.3,2400.023808,0.8487,0x0,27.1,45.81462097167969,400.0
2026-03-10T19:33:12.406968,57.85,37.6,27.3,2400.030464,0.8487,0x0,27.1,45.81462097167969,400.0
2026-03-10T19:33:14.625440,57.85,45.2,27.3,2400.033792,0.8487,0x0,27.0,45.86520767211914,400.0
2026-03-10T19:33:16.845562,58.4,39.3,27.3,2400.023808,0.8487,0x0,27.4,45.86520767211914,400.0
2026-03-10T19:33:19.072754,57.3,46.1,27.3,2400.030464,0.8487,0x0,26.8,45.81462097167969,400.0
2026-03-10T19:33:21.290259,57.85,37.0,27.3,2400.033792,0.8487,0x0,27.3,45.91579055786133,400.0
2026-03-10T19:33:23.509090,58.4,46.8,27.3,2400.023808,0.8487,0x0,27.6,45.91579055786133,400.0
2026-03-10T19:33:25.730174,58.4,38.5,27.3,2400.02048,0.8487,0x0,27.6,45.91579055786133,400.0
2026-03-10T19:33:27.954057,58.4,46.8,27.3,2400.033792,0.8487,0x0,27.7,45.96637725830078,400.0
2026-03-10T19:33:30.172712,57.85,38.0,27.3,2400.027136,0.8487,0x0,27.7,45.96637725830078,400.0
2026-03-10T19:33:32.392379,57.3,46.0,27.3,2400.030464,0.8487,0x0,27.5,45.91579055786133,400.0
2026-03-10T19:33:34.613907,56.75,38.6,27.3,2400.02048,0.8487,0x0,27.7,45.86520767211914,400.0
2026-03-10T19:33:36.836983,57.85,46.0,27.3,2400.023808,0.8487,0x0,27.3,45.91579055786133,400.0
2026-03-10T19:33:39.054556,58.4,38.7,27.3,2400.023808,0.8487,0x0,27.8,45.96637725830078,400.0
2026-03-10T19:33:41.272133,58.4,46.0,27.3,2400.03712,0.8487,0x0,27.8,45.86520767211914,400.0
2026-03-10T19:33:43.490967,58.95,37.5,27.3,2400.02048,0.8487,0x0,27.5,45.96637725830078,400.0
2026-03-10T19:33:45.708745,58.4,46.0,27.3,2400.03712,0.8487,0x0,26.9,46.016963958740234,400.0
2026-03-10T19:33:47.931845,57.3,39.7,27.3,2400.02048,0.8487,0x0,26.9,45.96637725830078,400.0
2026-03-10T19:33:50.153881,57.3,45.0,27.3,2400.023808,0.8487,0x0,27.7,46.016963958740234,400.0
2026-03-10T19:33:52.371977,57.3,39.5,27.3,2400.023808,0.8487,0x0,27.3,45.91579055786133,400.0
2026-03-10T19:33:54.589866,58.4,46.2,27.3,2400.017408,0.8487,0x0,26.9,45.96637725830078,400.0
2026-03-10T19:33:56.810968,58.4,38.8,27.3,1800.025216,0.8487,0x0,27.0,46.016963958740234,400.0
2026-03-10T19:33:59.034062,58.4,46.4,27.3,2400.03712,0.8487,0x0,27.2,45.96637725830078,400.0
2026-03-10T19:34:01.253857,57.85,37.9,27.3,2400.027136,0.8487,0x0,27.3,46.06755065917969,400.0
2026-03-10T19:34:03.472138,57.85,45.5,27.3,2400.033792,0.8487,0x0,26.8,46.11813735961914,400.0
2026-03-10T19:34:05.690929,57.85,39.8,27.3,2400.02048,0.8487,0x0,26.9,46.06755065917969,400.0
2026-03-10T19:34:07.914215,58.95,45.5,27.3,2400.023808,0.8487,0x0,27.5,45.96637725830078,400.0
2026-03-10T19:34:10.135537,58.4,38.4,27.3,2400.033792,0.8487,0x0,27.3,46.11813735961914,400.0
2026-03-10T19:34:12.354893,57.85,46.6,27.3,2400.033792,0.8487,0x0,27.2,46.11813735961914,400.0
2026-03-10T19:34:14.573675,56.2,38.6,27.3,2400.02048,0.8487,0x0,27.0,46.11813735961914,400.0
2026-03-10T19:34:16.791236,57.3,46.4,27.3,2400.033792,0.8487,0x0,27.7,46.016963958740234,400.0
2026-03-10T19:34:19.013213,57.85,38.3,27.4,2400.02048,0.8487,0x0,27.8,46.168724060058594,400.0
2026-03-10T19:34:21.237183,58.95,45.6,27.3,2400.033792,0.8487,0x0,27.1,46.06755065917969,400.0
2026-03-10T19:34:23.455621,57.85,38.3,27.3,2400.02048,0.8487,0x0,27.2,45.86520767211914,400.0
2026-03-10T19:34:25.673015,57.85,45.6,27.3,2400.023808,0.8487,0x0,27.7,46.11813735961914,400.0
2026-03-10T19:34:27.891811,57.3,37.1,27.3,2400.027136,0.8487,0x0,27.5,46.016963958740234,400.0
2026-03-10T19:34:30.113101,57.85,46.6,27.3,2400.033792,0.8487,0x0,27.7,46.016963958740234,400.0
2026-03-10T19:34:32.334318,58.4,38.6,27.2,2400.02048,0.8487,0x0,27.5,46.11813735961914,400.0
2026-03-10T19:34:34.554073,59.5,46.7,27.2,2400.02048,0.8487,0x0,27.8,46.11813735961914,400.0
2026-03-10T19:34:36.772650,57.85,38.7,27.2,2400.023808,0.8487,0x0,27.7,46.06755065917969,400.0
2026-03-10T19:34:38.991440,58.4,44.4,27.2,2400.027136,0.8487,0x0,27.5,46.06755065917969,400.0
2026-03-10T19:34:41.208689,57.85,37.6,27.2,2400.033792,0.8487,0x0,27.8,46.06755065917969,400.0
2026-03-10T19:34:43.428941,57.3,45.1,27.2,1800.018688,0.8487,0x0,27.7,45.96637725830078,400.0
2026-03-10T19:34:45.654356,57.85,40.6,27.2,2400.03712,0.8487,0x0,27.5,45.96637725830078,400.0
2026-03-10T19:34:47.872208,57.85,44.8,27.2,2400.023808,0.8487,0x0,27.0,45.96637725830078,400.0
2026-03-10T19:34:50.089539,58.95,43.4,27.5,2400.023808,0.8487,0x0,26.8,45.81462097167969,400.0
2026-03-10T19:34:52.307256,57.85,44.0,27.5,2400.02048,0.8487,0x0,27.7,45.86520767211914,400.0
2026-03-10T19:34:54.525132,57.3,39.9,27.6,2400.023808,0.8487,0x0,27.0,45.81462097167969,400.0
2026-03-10T19:34:56.746425,57.3,44.1,27.4,2400.027136,0.8487,0x0,26.9,45.81462097167969,400.0
2026-03-10T19:34:58.968930,57.3,38.3,27.5,2400.023808,0.8487,0x0,27.0,45.764034271240234,400.0
2026-03-10T19:35:01.189437,57.3,47.1,27.4,2400.023808,0.8487,0x0,27.7,45.71344757080078,400.0
2026-03-10T19:35:03.408251,56.75,38.3,27.4,2400.027136,0.8487,0x0,27.3,45.612274169921875,400.0
2026-03-10T19:35:05.627684,57.3,44.9,27.4,2400.023808,0.8487,0x0,26.7,45.612274169921875,400.0
2026-03-10T19:35:07.850830,57.3,37.8,27.4,2400.027136,0.8487,0x0,27.0,45.612274169921875,400.0
2026-03-10T19:35:10.070222,56.75,46.2,27.3,2400.02048,0.8487,0x0,27.3,45.51110076904297,400.0
2026-03-10T19:35:12.291008,56.2,36.6,27.3,2400.033792,0.8487,0x0,27.4,45.46051788330078,400.0
2026-03-10T19:35:14.510652,56.2,46.6,27.3,1800.01536,0.8487,0x0,26.9,45.4099235534668,400.0
2026-03-10T19:35:16.735620,57.3,39.5,27.3,2400.02048,0.8487,0x0,27.2,45.46051788330078,400.0
2026-03-10T19:35:18.954051,57.3,46.8,27.4,2400.030464,0.8487,0x0,27.4,45.25816345214844,400.0
2026-03-10T19:35:21.172418,56.2,37.5,27.3,2400.02048,0.8487,0x0,27.0,45.1569938659668,400.0
2026-03-10T19:35:23.391480,56.75,46.2,27.3,2400.02048,0.8487,0x0,27.0,45.1569938659668,400.0
2026-03-10T19:35:25.609060,56.2,38.5,27.3,2400.027136,0.8487,0x0,27.0,45.05582046508789,400.0
2026-03-10T19:35:27.832436,55.65,45.2,27.3,2400.02048,0.8487,0x0,27.4,45.00523376464844,400.0
2026-03-10T19:35:30.054822,57.3,39.5,27.3,2400.023808,0.8487,0x0,27.8,44.90406036376953,400.0
2026-03-10T19:35:32.273904,56.75,45.2,27.3,2400.02048,0.8487,0x0,27.8,44.85347366333008,400.0
2026-03-10T19:35:34.493865,56.75,40.2,27.3,2400.030464,0.8487,0x0,26.9,44.85347366333008,400.0
2026-03-10T19:35:36.718974,54.55,38.5,27.4,2400.030464,0.8487,0x0,27.6,44.75230407714844,400.0
2026-03-10T19:35:38.939653,57.3,39.9,27.4,2400.02048,0.8487,0x0,27.7,44.65113067626953,400.0
2026-03-10T19:35:41.159276,56.2,38.4,27.4,2400.027136,0.8487,0x0,27.4,44.49937057495117,400.0
2026-03-10T19:35:43.384591,55.65,47.3,27.3,2400.02048,0.8487,0x0,27.1,44.39820098876953,400.0
2026-03-10T19:35:45.603900,55.65,37.4,27.4,2400.027136,0.8487,0x0,27.7,44.448787689208984,400.0
2026-03-10T19:35:47.821460,56.75,46.4,27.3,2400.02048,0.8487,0x0,27.6,44.448787689208984,400.0
2026-03-10T19:35:50.039000,56.2,39.2,27.3,2400.023808,0.8487,0x0,27.4,44.549957275390625,400.0
2026-03-10T19:35:52.258552,54.0,45.6,27.3,2400.023808,0.8487,0x0,27.6,44.39820098876953,400.0
2026-03-10T19:35:54.476198,56.2,40.2,27.4,2400.023808,0.8487,0x0,28.0,44.549957275390625,400.0
2026-03-10T19:35:56.702898,56.2,44.9,27.3,2400.030464,0.8487,0x0,27.7,44.549957275390625,400.0
2026-03-10T19:35:58.921558,57.85,39.9,27.4,2400.02048,0.8487,0x0,27.5,44.65113067626953,400.0
2026-03-10T19:36:01.139630,56.2,37.8,27.4,1800.022016,0.8487,0x0,26.8,44.701717376708984,400.0
2026-03-10T19:36:03.358273,56.2,40.8,27.4,2400.023808,0.8487,0x0,27.7,44.701717376708984,400.0
2026-03-10T19:36:05.578456,56.75,44.5,27.4,2400.02048,0.8487,0x0,27.1,44.701717376708984,400.0
2026-03-10T19:36:07.802642,56.2,39.3,27.4,2400.02048,0.8487,0x0,26.9,44.75230407714844,400.0
2026-03-10T19:36:10.023661,58.4,44.1,27.3,2400.030464,0.8487,0x0,26.8,44.80289077758789,400.0
2026-03-10T19:36:12.241142,57.3,38.9,27.3,2400.030464,0.8487,0x0,27.9,44.85347366333008,400.0
2026-03-10T19:36:14.460481,56.2,40.0,27.4,2400.03712,0.8487,0x0,27.1,44.90406036376953,400.0
2026-03-10T19:36:16.685894,56.2,37.1,27.4,1800.012032,0.8487,0x0,26.8,44.954647064208984,400.0
2026-03-10T19:36:18.906955,55.1,46.7,27.3,2400.033792,0.8487,0x0,26.9,44.954647064208984,400.0
2026-03-10T19:36:21.135380,57.85,38.1,27.3,2400.023808,0.8487,0x0,27.2,45.00523376464844,400.0
2026-03-10T19:36:23.353963,58.95,46.8,27.3,2400.03712,0.8487,0x0,27.2,45.00523376464844,400.0
2026-03-10T19:36:25.571736,55.65,38.2,27.3,2400.023808,0.8487,0x0,27.0,45.1569938659668,400.0
2026-03-10T19:36:27.790532,56.75,41.5,27.3,2400.03712,0.8487,0x0,27.0,45.106407165527344,400.0
2026-03-10T19:36:30.010703,56.2,42.8,27.3,2400.030464,0.8487,0x0,27.2,45.05582046508789,400.0
2026-03-10T19:36:32.235866,57.3,38.9,27.3,2400.030464,0.8487,0x0,27.9,45.106407165527344,400.0
2026-03-10T19:36:34.453504,55.65,45.7,27.3,2400.033792,0.8487,0x0,26.9,45.1569938659668,400.0
2026-03-10T19:36:36.671385,56.75,38.8,27.3,2400.027136,0.8487,0x0,27.5,45.30875015258789,400.0
2026-03-10T19:36:38.889937,57.3,47.2,27.3,2400.017408,0.8487,0x0,27.7,45.20758056640625,400.0
2026-03-10T19:36:41.108096,56.75,37.9,27.3,2400.03712,0.8487,0x0,27.6,45.25816345214844,400.0
2026-03-10T19:36:43.332537,56.75,53.4,27.3,2400.023808,0.8487,0x0,26.8,45.25816345214844,400.0
2026-03-10T19:36:45.554321,56.75,38.1,27.3,2400.027136,0.8487,0x0,27.7,45.25816345214844,400.0
2026-03-10T19:36:47.771990,56.2,45.9,27.3,1900.022784,0.8487,0x0,27.6,45.4099235534668,400.0
2026-03-10T19:36:49.990038,57.3,39.7,27.3,2400.027136,0.8487,0x0,27.5,45.4099235534668,400.0
2026-03-10T19:36:52.211129,56.75,46.4,27.2,2400.030464,0.8487,0x0,27.8,45.46051788330078,400.0
2026-03-10T19:36:54.435842,56.75,39.1,27.3,2400.027136,0.8487,0x0,27.6,45.46051788330078,400.0
2026-03-10T19:36:56.654149,55.65,39.5,27.3,2400.03712,0.8487,0x0,27.7,45.46051788330078,400.0
2026-03-10T19:36:58.872528,58.4,38.6,27.4,2400.03712,0.8487,0x0,27.8,45.4099235534668,400.0
2026-03-10T19:37:01.093551,57.3,45.3,27.3,2400.033792,0.8487,0x0,27.3,45.46051788330078,400.0
2026-03-10T19:37:03.318066,56.75,39.0,27.3,2400.023808,0.8487,0x0,28.0,45.51110076904297,400.0
2026-03-10T19:37:05.544913,58.4,45.6,27.3,2400.030464,0.8487,0x0,27.9,45.56168746948242,400.0
2026-03-10T19:37:07.768876,56.75,39.8,27.3,2400.02048,0.8487,0x0,27.4,45.46051788330078,400.0
2026-03-10T19:37:09.989079,56.75,38.6,27.3,2400.023808,0.8487,0x0,27.0,45.612274169921875,400.0
2026-03-10T19:37:12.210328,56.75,38.6,27.3,2400.02048,0.8487,0x0,27.1,45.66286087036133,400.0
2026-03-10T19:37:14.433839,56.75,45.0,27.3,2400.02048,0.8487,0x0,27.6,45.66286087036133,400.0
2026-03-10T19:37:16.652482,57.3,38.5,27.3,2400.030464,0.8487,0x0,26.9,45.66286087036133,400.0
2026-03-10T19:37:18.879246,57.3,45.0,27.3,1800.018688,0.8487,0x0,27.2,45.71344757080078,400.0
2026-03-10T19:37:21.102428,57.3,41.2,27.3,2400.027136,0.8487,0x0,27.0,45.71344757080078,400.0
2026-03-10T19:37:23.321217,56.2,44.6,27.2,2400.030464,0.8487,0x0,27.8,45.764034271240234,400.0
2026-03-10T19:37:25.542212,57.85,38.2,27.2,2400.030464,0.8487,0x0,27.0,45.764034271240234,400.0
2026-03-10T19:37:27.764042,56.75,46.0,27.2,2400.027136,0.8487,0x0,26.9,45.71344757080078,400.0
2026-03-10T19:37:29.984521,57.85,48.6,27.5,2400.023808,0.8487,0x0,26.8,45.81462097167969,400.0
2026-03-10T19:37:32.203714,58.95,48.4,27.5,2400.027136,0.8487,0x0,27.4,45.81462097167969,400.0
2026-03-10T19:37:34.422602,58.4,39.2,27.5,1800.01536,0.8487,0x0,27.1,45.764034271240234,400.0
2026-03-10T19:37:36.642033,58.4,46.4,27.5,2400.030464,0.8487,0x0,27.1,45.81462097167969,400.0
2026-03-10T19:37:38.860923,57.3,38.4,27.4,2400.030464,0.8487,0x0,27.0,45.81462097167969,400.0
2026-03-10T19:37:41.088783,57.3,40.7,27.4,2400.02048,0.8487,0x0,27.2,45.81462097167969,400.0
2026-03-10T19:37:43.308220,56.75,42.9,27.4,2400.027136,0.8487,0x0,27.6,45.764034271240234,400.0
2026-03-10T19:37:45.526180,56.2,39.6,27.4,2400.030464,0.8487,0x0,27.0,45.81462097167969,400.0
2026-03-10T19:37:47.748153,57.85,46.6,27.4,2400.027136,0.8487,0x0,27.3,45.86520767211914,400.0
2026-03-10T19:37:49.969490,57.3,38.7,27.4,1800.025216,0.8487,0x0,27.5,45.86520767211914,400.0
2026-03-10T19:37:52.191398,57.3,46.9,27.3,2400.033792,0.8487,0x0,27.8,45.91579055786133,400.0
2026-03-10T19:37:54.413271,58.95,38.9,27.3,2400.03712,0.8487,0x0,27.3,45.81462097167969,400.0
2026-03-10T19:37:56.637123,58.95,46.1,27.3,2400.02048,0.8487,0x0,27.4,45.96637725830078,400.0
2026-03-10T19:37:58.854656,57.3,37.9,27.3,2400.033792,0.8487,0x0,27.6,45.96637725830078,400.0
2026-03-10T19:38:01.071980,58.4,45.7,27.2,2400.030464,0.8487,0x0,27.7,45.96637725830078,400.0
2026-03-10T19:38:03.291490,57.85,39.0,27.3,2400.02048,0.8487,0x0,27.3,45.96637725830078,400.0
2026-03-10T19:38:05.509357,58.4,47.1,27.3,1900.022784,0.8487,0x0,27.6,46.016963958740234,400.0
2026-03-10T19:38:07.735212,58.4,39.0,27.3,2400.033792,0.8487,0x0,28.2,46.016963958740234,400.0
2026-03-10T19:38:09.954492,57.3,46.9,27.2,2400.017408,0.8487,0x0,27.6,45.96637725830078,400.0
2026-03-10T19:38:12.173230,58.4,39.0,27.4,2400.030464,0.8487,0x0,26.8,45.96637725830078,400.0
2026-03-10T19:38:14.391716,57.3,46.9,27.4,2400.023808,0.8487,0x0,27.8,46.016963958740234,400.0
2026-03-10T19:38:16.612260,57.85,39.2,27.4,2400.023808,0.8487,0x0,27.4,46.016963958740234,400.0
2026-03-10T19:38:18.847892,56.2,46.6,27.4,2400.03712,0.8487,0x0,27.6,45.91579055786133,400.0
2026-03-10T19:38:21.070045,56.75,37.8,27.4,1900.016256,0.8487,0x0,26.9,46.06755065917969,400.0
2026-03-10T19:38:23.289022,58.95,39.3,27.4,2400.027136,0.8487,0x0,27.0,45.96637725830078,400.0
2026-03-10T19:38:25.507829,57.85,38.1,27.5,2400.023808,0.8487,0x0,27.0,46.06755065917969,400.0
2026-03-10T19:38:27.733437,57.3,44.2,27.4,2400.023808,0.8487,0x0,27.5,46.016963958740234,400.0
2026-03-10T19:38:29.953792,57.85,39.8,27.4,2400.023808,0.8487,0x0,26.8,46.11813735961914,400.0
2026-03-10T19:38:32.171762,56.2,44.8,27.3,2400.023808,0.8487,0x0,27.0,45.91579055786133,400.0
2026-03-10T19:38:34.389706,57.3,40.2,27.3,2400.030464,0.8487,0x0,27.1,46.016963958740234,400.0
2026-03-10T19:38:36.608036,57.3,44.8,27.3,2400.027136,0.8487,0x0,27.0,46.11813735961914,400.0
2026-03-10T19:38:38.827694,56.75,38.6,27.3,2400.033792,0.8487,0x0,27.1,46.06755065917969,400.0
2026-03-10T19:38:41.051712,59.5,45.3,27.3,2400.023808,0.8487,0x0,27.1,45.96637725830078,400.0
2026-03-10T19:38:43.270043,58.4,38.2,27.3,2400.033792,0.8487,0x0,27.6,46.016963958740234,400.0
2026-03-10T19:38:45.488466,58.4,45.7,27.3,2400.030464,0.8487,0x0,27.0,46.06755065917969,400.0
2026-03-10T19:38:47.705937,58.4,37.9,27.3,2400.027136,0.8487,0x0,27.4,46.016963958740234,400.0
2026-03-10T19:38:49.926657,58.4,40.5,27.3,2400.033792,0.8487,0x0,27.6,46.11813735961914,400.0
2026-03-10T19:38:52.148253,57.85,42.2,27.3,2400.023808,0.8487,0x0,27.6,46.06755065917969,400.0
2026-03-10T19:38:54.368729,58.95,39.7,27.3,2400.023808,0.8487,0x0,27.5,45.91579055786133,400.0
2026-03-10T19:38:56.588464,58.4,43.1,27.3,2400.033792,0.8487,0x0,27.3,45.96637725830078,400.0
